,scraped_id,text,tagger,tagged_date,label,clean_data
0,13,"FACEBOOK DA ""YİNE YASAKLANDIM""..SEBEP ERDOĞANIN SÜRTÜK VE ÇÜRÜK SÖZLERİNİN ANLAMINI TERCÜME ETTİM DİYE""""",seymasa,2022-07-31 22:11:42.468350,Siyasi Zorbalık,facebook da yi̇ne yasaklandimsebep erdoğanin sürtük ve çürük sözleri̇ni̇n anlamini tercüme etti̇m di̇ye
1,24,"Haris Seferovic: ""Herkes Galatasaray'ın tarihini biliyor. Gol atmak mutluluk verici. Kazandığımız için mutluyum.""",seymasa,2022-07-31 22:11:42.468350,Nötr,haris seferovic herkes galatasarayın tarihini biliyor gol atmak mutluluk verici kazandığımız için mutluyum
2,38,"Fazla yakışıklı,fazla tatlısın ama sen #AkınAkınözü",seymasa,2022-07-31 22:11:42.468350,Nötr,fazla yakışıklıfazla tatlısın ama sen
3,41,"Peyami Safa'nın da dediği gibi “İyi, dürüst ve doğru olanlar kaybetmez. Kaybedilir.",seymasa,2022-07-31 22:11:42.468350,Nötr,peyami safanın da dediği gibi “i̇yi dürüst ve doğru olanlar kaybetmez kaybedilir
4,47,Kralice geri dönüyor ZeytinAğacı 28TemmuzNetflixte #TubaBüyüküstün,seymasa,2022-07-31 22:11:42.468350,Nötr,kralice geri dönüyor zeytinağacı temmuznetflixte
5,60,AK Parti Hükumeti Toplumsal Beklentilere hızlı bir şekilde çözümler üretecektir Torba yasaları ile çözümler ard arda geliyor Ekim de TBMM nin açılışı hayırlara vesile olsun inşallah,seymasa,2022-07-31 22:11:42.468350,Nötr,ak parti hükumeti toplumsal beklentilere hızlı bir şekilde çözümler üretecektir torba yasaları ile çözümler ard arda geliyor ekim de tbmm nin açılışı hayırlara vesile olsun inşallah
6,63,Yakında kim olduğunu mu açıklayacan la dörtgöz,seymasa,2022-07-31 22:11:42.468350,Kızdırma,yakında kim olduğunu mu açıklayacan la dörtgöz
7,80,"Ne güzel bi gece .. farkında olmadan geçen saatler, ağız dolusu kahkahalar hepsi çok kıymetli çok.",seymasa,2022-07-31 22:11:42.468350,Nötr,ne güzel bi gece  farkında olmadan geçen saatler ağız dolusu kahkahalar hepsi çok kıymetli çok
8,115,Bir şairin kalemini kullandım senin için… Mutluluk eşlik etsin gününüze,seymasa,2022-07-31 22:11:42.468350,Nötr,bir şairin kalemini kullandım senin için… mutluluk eşlik etsin gününüze
9,136,Sakalsız erkek çirkindir,seymasa,2022-07-31 22:11:42.468350,Cinsiyetçilik,sakalsız erkek çirkindir
10,139,bu sektörde parlayabileceğime canı gönülden inanıyorum,seymasa,2022-07-31 22:11:42.468350,Nötr,bu sektörde parlayabileceğime canı gönülden inanıyorum
11,178,Yok kuzu Adem midesiz olmadığı için ona iğrençsin diyen arkasından konuşan kimseye eyvallah etmediği için yapmış ama siz bilmezsiniz favınız kendisine orospu diyenlerle can ciğer kuzu sarması olduğu için,seymasa,2022-07-31 22:11:42.468350,Kızdırma,yok kuzu adem midesiz olmadığı için ona iğrençsin diyen arkasından konuşan kimseye eyvallah etmediği için yapmış ama siz bilmezsiniz favınız kendisine orospu diyenlerle can ciğer kuzu sarması olduğu için
12,185,Güzel bişeyler yapmaya uğraşıyorum şu kötülük dolu dünyada... desteklerseniz çok mutlu olurum..,seymasa,2022-07-31 22:11:42.468350,Nötr,güzel bişeyler yapmaya uğraşıyorum şu kötülük dolu dünyada desteklerseniz çok mutlu olurum
13,234,Pp de soldaki benim. Sağdaki çarpık bacaklı uyuz kuzenim.,seymasa,2022-07-31 22:11:42.468350,Kızdırma,pp de soldaki benim sağdaki çarpık bacaklı uyuz kuzenim
14,247,Yuva yıkıcı bir sarı çiyan gibisin,seymasa,2022-07-31 22:11:42.468350,Kızdırma,yuva yıkıcı bir sarı çiyan gibisin
15,259,Hoşt köpek fetöcü @mustafa44,seymasa,2022-07-31 22:11:42.468350,Siyasi Zorbalık,hoşt köpek fetöcü
16,288,Türk kızlarının koreli erkek hayranlığını anlayamıyorum sakalsız erkek mi olur bildiğin susamsız simit,seymasa,2022-07-31 22:11:42.468350,Cinsiyetçilik,türk kızlarının koreli erkek hayranlığını anlayamıyorum sakalsız erkek mi olur bildiğin susamsız simit
17,315,"• Bir gün sürüden ayrılmış, uçurumdan uçmak için atlayan bir kuş gibi çırpınan kalbim duracak. Elbet bir gün öleceğim. Bu dünyadan bir ""Umut"" geçmiş olacak. Beni güzel hatırlayın. Sevgiler. UMUT.",seymasa,2022-07-31 22:11:42.468350,Nötr,• bir gün sürüden ayrılmış uçurumdan uçmak için atlayan bir kuş gibi çırpınan kalbim duracak elbet bir gün öleceğim bu dünyadan bir umut geçmiş olacak beni güzel hatırlayın sevgiler umut
18,382,sakalsız erkek gelsin bacım olsun,seymasa,2022-07-31 22:11:42.468350,Cinsiyetçilik,sakalsız erkek gelsin bacım olsun
19,1141,Arapça tabela gördüğünüz zaman hemen Belediyenin zabıta birimine şikayet edin. CİMER üzerinden de şikayet edebilirsiniz. Yasak kapsamında mecburen kaldırılmak durumundadır.,seymasa,2022-07-31 22:11:42.468350,Nötr,arapça tabela gördüğünüz zaman hemen belediyenin zabıta birimine şikayet edin ci̇mer üzerinden de şikayet edebilirsiniz yasak kapsamında mecburen kaldırılmak durumundadır
20,1197,Şeyma ayağını denk al sarı çiyan dmdmdmd,seymasa,2022-07-31 22:11:42.468350,Kızdırma,şeyma ayağını denk al sarı çiyan dmdmdmd
21,2960,"Sınav için kimseye bir şey sormayacağım çünkü ben de sorulsun istemezdim. Yığılma olmuş. Bir sınav hayatımızı bu kadar etkilememeli ama etkiliyor maalesef. İstediğiniz yer geldiyse çok mutlu olurum, gelmediyse de kendinizi üzmemeye çalışın lütfen sizden değerli değil hiçbir şey",seymasa,2022-07-31 22:11:42.468350,Nötr,sınav için kimseye bir şey sormayacağım çünkü ben de sorulsun istemezdim yığılma olmuş bir sınav hayatımızı bu kadar etkilememeli ama etkiliyor maalesef i̇stediğiniz yer geldiyse çok mutlu olurum gelmediyse de kendinizi üzmemeye çalışın lütfen sizden değerli değil hiçbir şey
22,14,"Ona yapamazsın dediler, yapamadı…",seymasa,2022-07-31 22:11:42.469207,Nötr,ona yapamazsın dediler yapamadı…
23,25,Bunlar süzme salak. NATO’nun 2. Büyük ordusu olan TSK ile 20k Fin 18K İsveç ordusunu mukayese ediyorlar.,seymasa,2022-07-31 22:11:42.469207,Siyasi Zorbalık,bunlar süzme salak nato’nun  büyük ordusu olan tsk ile k fin k i̇sveç ordusunu mukayese ediyorlar
24,75,Pişman olma diye birşey bence yoktur. Hayatın içinde tek insan sen değilsin. Tek hata yapan sen değilsin. Tek yanlış yoldan giden de sen değilsin. Ama göz göre göre devam eden sensin. Pişman olma ama hatalarını görerek yoluna daha doğru devam et,seymasa,2022-07-31 22:11:42.469207,Nötr,pişman olma diye birşey bence yoktur hayatın içinde tek insan sen değilsin tek hata yapan sen değilsin tek yanlış yoldan giden de sen değilsin ama göz göre göre devam eden sensin pişman olma ama hatalarını görerek yoluna daha doğru devam et
25,91,Burası Irak'ta bir dükkan... Gelen müşteriler üstüne bassın diye yere sermişler. Amerika ülkelerine girdiklerinde alkışlarla karşılayan çöl bedevileri bizim şanlı bayrağımızı yere seriyor. Siz Türk'ün bayrağına kurban olun. Bunlara iyi yapıyorlar. Vatansız hain köpekler.,seymasa,2022-07-31 22:11:42.469207,Irkçılık,burası irakta bir dükkan gelen müşteriler üstüne bassın diye yere sermişler amerika ülkelerine girdiklerinde alkışlarla karşılayan çöl bedevileri bizim şanlı bayrağımızı yere seriyor siz türkün bayrağına kurban olun bunlara iyi yapıyorlar vatansız hain köpekler
26,104,"2 gram aklınızla, akıl veriyorsunuz hiç aklınız kalmayacak haberiniz olsun.",seymasa,2022-07-31 22:11:42.469207,Kızdırma, gram aklınızla akıl veriyorsunuz hiç aklınız kalmayacak haberiniz olsun
27,108,Özür dilemek için yol mu yapıyor bu sarı çiyan,seymasa,2022-07-31 22:11:42.469207,Kızdırma,özür dilemek için yol mu yapıyor bu sarı çiyan
28,121,#15Temmuz ve #TürkiyeAşkına faşist siyasal islamcıların söylemi #benimdestanımcanakkale ise lağım çukuru Kemalistlerin. Her iki grupta birbirinin laciverti aynı lağımın pisliği aynı bok çukuru…,seymasa,2022-07-31 22:11:42.469207,Siyasi Zorbalık,ve faşist siyasal islamcıların söylemi ise lağım çukuru kemalistlerin her iki grupta birbirinin laciverti aynı lağımın pisliği aynı bok çukuru…
29,147,"Bunlar beyin yerine sünger, vicdan yerine lağım çukuru taşıyor.",seymasa,2022-07-31 22:11:42.469207,Kızdırma,bunlar beyin yerine sünger vicdan yerine lağım çukuru taşıyor
30,159,hem görgüsüz hem de vizyonsuz,seymasa,2022-07-31 22:11:42.469207,Kızdırma,hem görgüsüz hem de vizyonsuz
31,184,"İfrancan'ı ""at kafası Bilal"" e benzeten bir tek ben miyim",seymasa,2022-07-31 22:11:42.469207,Kızdırma,i̇francanı at kafası bilal e benzeten bir tek ben miyim
32,201,Mansur Yavaş gibi silik bir adamın neden bu kadar sevildiğini anlamıyorum. Mevcut adaylar arasında liderlik vasfı olmayan tek kişi.,seymasa,2022-07-31 22:11:42.469207,Kızdırma,mansur yavaş gibi silik bir adamın neden bu kadar sevildiğini anlamıyorum mevcut adaylar arasında liderlik vasfı olmayan tek kişi
33,216,Sarı kızı gören var mı? Asdfghhklş sarı çıyan milleti birbirine düşürdü,seymasa,2022-07-31 22:11:42.469207,Kızdırma,sarı kızı gören var mı asdfghhklş sarı çıyan milleti birbirine düşürdü
34,349,"Justin Bieber gerizekalıdır, sevenleri de öyle ne yazık ki.. Bileklerini tüysüz bamya için kesen kızlardan ne bekleyebiliriz ki..",seymasa,2022-07-31 22:11:42.469207,Cinsiyetçilik,justin bieber gerizekalıdır sevenleri de öyle ne yazık ki bileklerini tüysüz bamya için kesen kızlardan ne bekleyebiliriz ki
35,383,Sakalsız erkek te ne bileyim,seymasa,2022-07-31 22:11:42.469207,Cinsiyetçilik,sakalsız erkek te ne bileyim
36,445,"su dalyaraklari artık siralamadan biriyle dovustursunler. hem karıyı hem bunu, şunları deplasmanda coluk çocuğu dovdurup hype pesinde amk keli",seymasa,2022-07-31 22:11:42.469207,Kızdırma,su dalyaraklari artık siralamadan biriyle dovustursunler hem karıyı hem bunu şunları deplasmanda coluk çocuğu dovdurup hype pesinde amk keli
37,465,Kız dediğin tek kaşlı ve bıyıklı olur,seymasa,2022-07-31 22:11:42.469207,Cinsiyetçilik,kız dediğin tek kaşlı ve bıyıklı olur
38,751,Sakat mısın daha iki gün önce hesabı açmışsın. Ya sen büyük hastasın. Yazık kafana.,seymasa,2022-07-31 22:11:42.469207,Kızdırma,sakat mısın daha iki gün önce hesabı açmışsın ya sen büyük hastasın yazık kafana
39,1278,Bu sarı çiyan canım Karımın getir götürünü bile yapamaz,seymasa,2022-07-31 22:11:42.469207,Kızdırma,bu sarı çiyan canım karımın getir götürünü bile yapamaz
40,2257,Niye çekmeyelim erkek dediğin kıllı olur kılsızlar ne öyle tüysüz bamya gibi,seymasa,2022-07-31 22:11:42.469207,Cinsiyetçilik,niye çekmeyelim erkek dediğin kıllı olur kılsızlar ne öyle tüysüz bamya gibi
41,2343,"profilde başkarına soysuz köpek diyor, kendinin soyu yalancı ve iki yüzlülerden geliyor sanırım.",seymasa,2022-07-31 22:11:42.469207,Irkçılık,profilde başkarına soysuz köpek diyor kendinin soyu yalancı ve iki yüzlülerden geliyor sanırım
42,2467,Erkek milletinden tiksiniyorum keşke öyle bi cins var olmasaydi mkodumun hödükleri,seymasa,2022-07-31 22:11:42.469207,Cinsiyetçilik,erkek milletinden tiksiniyorum keşke öyle bi cins var olmasaydi mkodumun hödükleri
43,2728,"Lan ne milleti, siz Türk falan değilsiniz Türk te olan bir tane bile erdeme, ahlaka sahip değilsiniz Siz ancak Alman dazlak yada klu klux klan olabilirsiniz Dün bir kısmınız Kürt, bir kısmınız din düşmanlığı yapıyordu Bugün birleşip Suriyeli düşmanlığı yapıyorsunuz.",seymasa,2022-07-31 22:11:42.469207,Irkçılık,lan ne milleti siz türk falan değilsiniz türk te olan bir tane bile erdeme ahlaka sahip değilsiniz siz ancak alman dazlak yada klu klux klan olabilirsiniz dün bir kısmınız kürt bir kısmınız din düşmanlığı yapıyordu bugün birleşip suriyeli düşmanlığı yapıyorsunuz
44,2900,PWMOSKAPSL ben aslında rahibeyim amk keli,seymasa,2022-07-31 22:11:42.469207,Kızdırma,pwmoskapsl ben aslında rahibeyim amk keli
45,2938,Lağım çukuru,seymasa,2022-07-31 22:11:42.469207,Kızdırma,lağım çukuru
46,2990,Geçmiş olsun dürüst insan...,seymasa,2022-07-31 22:11:42.469207,Nötr,geçmiş olsun dürüst insan
47,3000,"“Kahramanlar can verir, Yurdu yaşatmak için” Sakarya Karasu'da ikamet eden ve aslen Trabzon Arsin'den Piyade Teğmen Ömer Faruk CİVELEK bugün şehadet şerbetini içti. Mevla'm rahmeti ile muamele eylesin. Kanı yerde kalmaz. Türk Silahlı Kuvvetleri ve milletinin başı sağolsun .",seymasa,2022-07-31 22:11:42.469207,Nötr,“kahramanlar can verir yurdu yaşatmak için” sakarya karasuda ikamet eden ve aslen trabzon arsinden piyade teğmen ömer faruk ci̇velek bugün şehadet şerbetini içti mevlam rahmeti ile muamele eylesin kanı yerde kalmaz türk silahlı kuvvetleri ve milletinin başı sağolsun 
48,7,"2 haftadır İtalya yanıyor, İspanya yanıyor, Portekiz yanıyor. 250 bin dönüm ormanın yandığı Portekiz'de bugün birde yangın söndürme uçağı düştü pilotu öldü ama devletine küfreden soytarı yok çünkü bunlar sadece Türkiye'de olur",seymasa,2022-07-31 22:11:42.471547,Siyasi Zorbalık, haftadır i̇talya yanıyor i̇spanya yanıyor portekiz yanıyor  bin dönüm ormanın yandığı portekizde bugün birde yangın söndürme uçağı düştü pilotu öldü ama devletine küfreden soytarı yok çünkü bunlar sadece türkiyede olur
49,9,Awk karisi cüzdan mi bu ya bi bebeğe bile sahip cikamamis meymenetsiz kare kafa,seymasa,2022-07-31 22:11:42.471547,Kızdırma,awk karisi cüzdan mi bu ya bi bebeğe bile sahip cikamamis meymenetsiz kare kafa
50,15,"Sahi İnsan insanı anlayan""mıydı, Yoksa, Yaralayan""mıydı..!! ~ Yüreğinize hüzün değmesin.. Geceniz huzurlu olsun..",seymasa,2022-07-31 22:11:42.471547,Nötr,sahi i̇nsan insanı anlayanmıydı yoksa yaralayanmıydı  yüreğinize hüzün değmesin geceniz huzurlu olsun
51,19,Selanikte ki Türk suriyeli Arap aradaki fark bu hödük,seymasa,2022-07-31 22:11:42.471547,Irkçılık,selanikte ki türk suriyeli arap aradaki fark bu hödük
52,20,Yahu sen hıyar mısın? Sadece Google’da iki dakika araştırsan yeter.,seymasa,2022-07-31 22:11:42.471547,Kızdırma,yahu sen hıyar mısın sadece google’da iki dakika araştırsan yeter
53,28,"Hayatta her şey gelir geçer; makamlar, servetler ve de güzellikler. Ne kadar çok insana canı gönülden “Allah razı olsun” duasını dedirtebiliyoruz ona bakmak lazım. Kimin duasının kabul olacağını nereden bileceğiz; #iyilik bakidir.... güzel insan",seymasa,2022-07-31 22:11:42.471547,Nötr,hayatta her şey gelir geçer makamlar servetler ve de güzellikler ne kadar çok insana canı gönülden “allah razı olsun” duasını dedirtebiliyoruz ona bakmak lazım kimin duasının kabul olacağını nereden bileceğiz bakidir güzel insan
54,30,Ortalık tokyo görünümlü bıyıklı kız dolu,seymasa,2022-07-31 22:11:42.471547,Cinsiyetçilik,ortalık tokyo görünümlü bıyıklı kız dolu
55,34,Sakat mısın?,seymasa,2022-07-31 22:11:42.471547,Kızdırma,sakat mısın
56,35,Umudun yorulduğu yerde mucizeleri göster Allahım.Dualarınız kabul olsun inşallah abi ve ablalarım #HayırlıCumalar,seymasa,2022-07-31 22:11:42.471547,Nötr,umudun yorulduğu yerde mucizeleri göster allahımdualarınız kabul olsun inşallah abi ve ablalarım
57,36,Esitlik AF İSTİYORUZ RahşanAffı KılıçdaroğluAffı @RTErdogan,seymasa,2022-07-31 22:11:42.471547,Siyasi Zorbalık,esitlik af i̇sti̇yoruz rahşanaffı kılıçdaroğluaffı
58,42,"mutlu oldum sanıyorsun ya, razı oldun aslında",seymasa,2022-07-31 22:11:42.471547,Nötr,mutlu oldum sanıyorsun ya razı oldun aslında
59,44,Dünyanın en sevimsiz karısı,seymasa,2022-07-31 22:11:42.471547,Kızdırma,dünyanın en sevimsiz karısı
60,54,Allah'ım bugün hayırlı ve sevindirici güzel şeyler olsun. Amin,seymasa,2022-07-31 22:11:42.471547,Nötr,allahım bugün hayırlı ve sevindirici güzel şeyler olsun amin
61,57,1 milyondan fazla sürücü + 4 milyon aile fertlerimiz... Toplamda 5 milyon Türkiye Cumhuriyeti vatandaşı adına sizlerden beklentimiz ektedir; saygılarımla arz ederim Sayın Cumhurbaşkanım. #EhliyetAffı,seymasa,2022-07-31 22:11:42.471547,Nötr, milyondan fazla sürücü   milyon aile fertlerimiz toplamda  milyon türkiye cumhuriyeti vatandaşı adına sizlerden beklentimiz ektedir saygılarımla arz ederim sayın cumhurbaşkanım
62,59,Beşiktaş neden sürekli PTT’den adam alıyor? Dünyada topçu mu kalmadı?,seymasa,2022-07-31 22:11:42.471547,Nötr,beşiktaş neden sürekli ptt’den adam alıyor dünyada topçu mu kalmadı
63,62,Kulaklığım bile senden daha kıymetli bu ne vazgeçilmez tavırların??,seymasa,2022-07-31 22:11:42.471547,Kızdırma,kulaklığım bile senden daha kıymetli bu ne vazgeçilmez tavırların
64,73,"Bazı sevgiler, varla yok arasında yaşanır. Gel demeye hayat, Git demeye kalbin izin vermez. ...""Tuncel Kurtis""...",seymasa,2022-07-31 22:11:42.471547,Nötr,bazı sevgiler varla yok arasında yaşanır gel demeye hayat git demeye kalbin izin vermez tuncel kurtis
65,83,Temiz hava ve kuş sesleri eşliğinde,seymasa,2022-07-31 22:11:42.471547,Nötr,temiz hava ve kuş sesleri eşliğinde
66,96,"Ne kadar cahil, cühela, döl israfı insan var arkadaş. Sırf itliğini yaptığı partisini desteklemek için kimliğini taşıdığı ülkenin iflasını destekliyorlar...",seymasa,2022-07-31 22:11:42.471547,Siyasi Zorbalık,ne kadar cahil cühela döl israfı insan var arkadaş sırf itliğini yaptığı partisini desteklemek için kimliğini taşıdığı ülkenin iflasını destekliyorlar
67,119,Kadına şiddet acizliktir.,seymasa,2022-07-31 22:11:42.471547,Nötr,kadına şiddet acizliktir
68,242,"Mesih, bütün milletlerin Mesihidir! Boş yapma, işine bak",seymasa,2022-07-31 22:11:42.471547,Kızdırma,mesih bütün milletlerin mesihidir boş yapma işine bak
69,351,Sıcacık bir kahve Sıcak insanlar Tatlı muhabbetler Sevgi dolu yüzler En derin sevgiler Yüreğinizde olsun Büyük mutluluklar için #günaydın hayat,seymasa,2022-07-31 22:11:42.471547,Nötr,sıcacık bir kahve sıcak insanlar tatlı muhabbetler sevgi dolu yüzler en derin sevgiler yüreğinizde olsun büyük mutluluklar için hayat
70,598,"KÖPEK SOYLARI TEK TEK LEŞ HALİNE GELİYOR, SIRADA KARAYILAN VE DİĞER ERMENİ SOYU KÖPEKLER VAR.",seymasa,2022-07-31 22:11:42.471547,Irkçılık,köpek soylari tek tek leş hali̇ne geli̇yor sirada karayilan ve di̇ğer ermeni̇ soyu köpekler var
71,888,Suriyeli Mehmetçik ne ulan hadsiz herif! Sen kimsin ki mehmetçiğin adını habeş maymunu arap soylarına vereceksin it!,seymasa,2022-07-31 22:11:42.471547,Irkçılık,suriyeli mehmetçik ne ulan hadsiz herif sen kimsin ki mehmetçiğin adını habeş maymunu arap soylarına vereceksin it
72,2065,şerefsiz barış keremin sürprizine konmuştu sümsük,seymasa,2022-07-31 22:11:42.471547,Kızdırma,şerefsiz barış keremin sürprizine konmuştu sümsük
73,2179,100 kişi olmamız gerekiyo 5-10 dk değerli vaktinizi Yusuf için ayırabilir misiniz son 400 gram desteklerini bekliyoruz,seymasa,2022-07-31 22:11:42.471547,Nötr, kişi olmamız gerekiyo  dk değerli vaktinizi yusuf için ayırabilir misiniz son  gram desteklerini bekliyoruz
74,2778,"İlla koyayım mi ortaya sakalı shshshhshs :) Sakalsız erkek nedir yaaa, tüysüz bamya der gibi :)",seymasa,2022-07-31 22:11:42.471547,Cinsiyetçilik,i̇lla koyayım mi ortaya sakalı shshshhshs  sakalsız erkek nedir yaaa tüysüz bamya der gibi 
75,2940,Evet ne diyoruz güle güle Allah'ım çocuğumu bütün kötü insanlardan korusun çok mutlu olsun çünkü hak ediyor...,seymasa,2022-07-31 22:11:42.471547,Nötr,evet ne diyoruz güle güle allahım çocuğumu bütün kötü insanlardan korusun çok mutlu olsun çünkü hak ediyor
76,2998,Avustralya'nın kahkahalar atan sevimli pufidik kuş türü kookaburra. MaşaAllah sevimli canlılar yaratarak içimizi sevgiyle dolduran Allah'ı çok sevelim,seymasa,2022-07-31 22:11:42.471547,Nötr,avustralyanın kahkahalar atan sevimli pufidik kuş türü kookaburra maşaallah sevimli canlılar yaratarak içimizi sevgiyle dolduran allahı çok sevelim
77,8,Bu bayram da kimseyle barışmıcam şerefsizlik yapmasaydınız,seymasa,2022-07-31 22:11:42.471959,Kızdırma,bu bayram da kimseyle barışmıcam şerefsizlik yapmasaydınız
78,16,Sözde arkadaşlarım bi yerleri sıkışınca beni popülerliğimden vuruyo “sen kimsin” tarzı… çok komiksiniz tatlılarım hayatınızda 32k insanı gördünüz mü acaba? Önce bi depresifliğinizi bırakın başarılıysa başarılı deyin kötülük sizi zirveye taşımaz ahh ah…,seymasa,2022-07-31 22:11:42.471959,Akran Zorbalığı,sözde arkadaşlarım bi yerleri sıkışınca beni popülerliğimden vuruyo “sen kimsin” tarzı… çok komiksiniz tatlılarım hayatınızda k insanı gördünüz mü acaba önce bi depresifliğinizi bırakın başarılıysa başarılı deyin kötülük sizi zirveye taşımaz ahh ah…
79,17,"Kahkahalar dışarı sızsada, Hüzünler hep içeride kalır...",seymasa,2022-07-31 22:11:42.471959,Nötr,kahkahalar dışarı sızsada hüzünler hep içeride kalır
80,18,...Gerçekten bu dünya iyi kalpli insanlar için bir cehennem..,seymasa,2022-07-31 22:11:42.471959,Nötr,gerçekten bu dünya iyi kalpli insanlar için bir cehennem
81,23,"Azrailine aşık olmuşsa bir millet, İster ezan dinlet, ister çan dinlet İtiraz etmiyorsa sürü gibi illet Müstahaktır ona her türlü zillet! ...",seymasa,2022-07-31 22:11:42.471959,Siyasi Zorbalık,azrailine aşık olmuşsa bir millet i̇ster ezan dinlet ister çan dinlet i̇tiraz etmiyorsa sürü gibi illet müstahaktır ona her türlü zillet 
82,26,Rojava Hava Sahası Türk devletine Kapatılsın.,seymasa,2022-07-31 22:11:42.471959,Siyasi Zorbalık,rojava hava sahası türk devletine kapatılsın
83,33,Mutlu huzurlu günler.,seymasa,2022-07-31 22:11:42.471959,Nötr,mutlu huzurlu günler
84,48,Hasiktir ya,seymasa,2022-07-31 22:11:42.471959,Kızdırma,hasiktir ya
85,66,yakışır yaşıma yanlışlarım.,seymasa,2022-07-31 22:11:42.471959,Nötr,yakışır yaşıma yanlışlarım
86,72,Gebersin hain köpek soyu it.,seymasa,2022-07-31 22:11:42.471959,Irkçılık,gebersin hain köpek soyu it
87,81,"Mutlu pazarlar. Sayfamın sevdiğim, sevimli dostları...",seymasa,2022-07-31 22:11:42.471959,Nötr,mutlu pazarlar sayfamın sevdiğim sevimli dostları
88,84,İlahi adalet :),seymasa,2022-07-31 22:11:42.471959,Nötr,i̇lahi adalet 
89,89,"Sende olmasan akp icraatleri ile iyice batacak başkan. Akıl verme, yol gösterme de adamlar gitsin bir an evvel. #TeşekkürlerKılıçdaroğlu",seymasa,2022-07-31 22:11:42.471959,Siyasi Zorbalık,sende olmasan akp icraatleri ile iyice batacak başkan akıl verme yol gösterme de adamlar gitsin bir an evvel
90,107,Hepinize çok teşekkür ederim.Yolumuz uzun belki... zahmetli... Ama çok da kıymetli... CUMHURBAŞKANIMIZIN yanında yürümek onunla aynı dönemde yaşamak onurunu bize veren rabbime hamd ederim .. REİS İLE YOLA DEVAM @Turan_Ordusu53,seymasa,2022-07-31 22:11:42.471959,Nötr,hepinize çok teşekkür ederimyolumuz uzun belki zahmetli ama çok da kıymetli cumhurbaşkanimizin yanında yürümek onunla aynı dönemde yaşamak onurunu bize veren rabbime hamd ederim  rei̇s i̇le yola devam
91,125,Hayırlı uğurlu olsun Emeği geçenlere teşekkürler,seymasa,2022-07-31 22:11:42.471959,Nötr,hayırlı uğurlu olsun emeği geçenlere teşekkürler
92,158,Ayıp değil mi lan ne kadar bıyıklı kız varsa kapmışsınız.d,seymasa,2022-07-31 22:11:42.471959,Cinsiyetçilik,ayıp değil mi lan ne kadar bıyıklı kız varsa kapmışsınızd
93,181,"Aciz, ithal zihniyetli muhalefet. Yaptıkları şey hep aynı, kıçları sıkışınca mağdura yatarlar. Beceriksiz niteliksiz insanlar",seymasa,2022-07-31 22:11:42.471959,Kızdırma,aciz ithal zihniyetli muhalefet yaptıkları şey hep aynı kıçları sıkışınca mağdura yatarlar beceriksiz niteliksiz insanlar
94,189,"Cücük gazeteciyi paranın miktarı tatmin etmemiş, süzme salak...",seymasa,2022-07-31 22:11:42.471959,Kızdırma,cücük gazeteciyi paranın miktarı tatmin etmemiş süzme salak
95,220,Aferin..,seymasa,2022-07-31 22:11:42.471959,Nötr,aferin
96,267,"He ne kadar iyi sonuçlar doğurmasada,iyi niyet, samimiyet ve vicdan sahibi olmaktan vazgeçmeyiz.",seymasa,2022-07-31 22:11:42.471959,Nötr,he ne kadar iyi sonuçlar doğurmasadaiyi niyet samimiyet ve vicdan sahibi olmaktan vazgeçmeyiz
97,720,Araplar gibi el ile yemek yediklerini övünerek söyleyen Büyükçekmece Rizeliler dernek başkanı Ahmet Sivri sosyal medyada gündem oldu.,seymasa,2022-07-31 22:11:42.471959,Nötr,araplar gibi el ile yemek yediklerini övünerek söyleyen büyükçekmece rizeliler dernek başkanı ahmet sivri sosyal medyada gündem oldu
98,1647,"hasiktir lan ordan, bunun halihazırda tr içinde yaşayan azınlıklarla ne alakası var; her biriniz bal gibi şirketinizin sahibi kadar leş kokan, iğrenç araplarsınız",seymasa,2022-07-31 22:11:42.471959,Irkçılık,hasiktir lan ordan bunun halihazırda tr içinde yaşayan azınlıklarla ne alakası var her biriniz bal gibi şirketinizin sahibi kadar leş kokan iğrenç araplarsınız
99,2146,Çarpık bacaklı kızlardan korkun dhdhd,seymasa,2022-07-31 22:11:42.471959,Cinsiyetçilik,çarpık bacaklı kızlardan korkun dhdhd
100,2541,Hanımefendi lafından alınan Saray elitlerinin kadına bakışı Kadın ve erkek eşit olamaz Anneliği reddeden kadın eksiktir Kadının tek kariyeri anneliktir Kadınlar çalıştığı için işsizlik var Kadının fıtratında kölelik var Kız mıdır kadın mıdır bilemem Sürtük,seymasa,2022-07-31 22:11:42.471959,Cinsiyetçilik,hanımefendi lafından alınan saray elitlerinin kadına bakışı kadın ve erkek eşit olamaz anneliği reddeden kadın eksiktir kadının tek kariyeri anneliktir kadınlar çalıştığı için işsizlik var kadının fıtratında kölelik var kız mıdır kadın mıdır bilemem sürtük
101,2625,Aldatan zorba erkeklerden tiksiniyorum meymenetsiz picler,seymasa,2022-07-31 22:11:42.471959,Cinsiyetçilik,aldatan zorba erkeklerden tiksiniyorum meymenetsiz picler
102,2663,"Bu millet çok sümüklü gördü ,hepsini tarihe gömdü! #15Temmuz",seymasa,2022-07-31 22:11:42.471959,Siyasi Zorbalık,bu millet çok sümüklü gördü hepsini tarihe gömdü
103,2964,"Hasret kaldık, Bir tebessüm, bir gülen yüze...",seymasa,2022-07-31 22:11:42.471959,Nötr,hasret kaldık bir tebessüm bir gülen yüze
104,2982,"Çiçeği iyi niyet olanın, bahçesi çürümez.",seymasa,2022-07-31 22:11:42.471959,Nötr,çiçeği iyi niyet olanın bahçesi çürümez
105,2995,Guzel haberler almayali uzun zaman olmustu mekani lagim cukuru olsun,seymasa,2022-07-31 22:11:42.471959,Kızdırma,guzel haberler almayali uzun zaman olmustu mekani lagim cukuru olsun
106,2996,Kaytan bıyıklı bir kız,seymasa,2022-07-31 22:11:42.471959,Cinsiyetçilik,kaytan bıyıklı bir kız
107,4,"Teşkilat mensuplarımız ile birlikte, kıymetli komşularımızı ziyaret ettik. Değerli komşularımıza hoşsohbetlerinden dolayı teşekkür ediyor, sağlıklı günler diliyoruz.",seymasa,2022-08-01 06:47:53.726596,Nötr,teşkilat mensuplarımız ile birlikte kıymetli komşularımızı ziyaret ettik değerli komşularımıza hoşsohbetlerinden dolayı teşekkür ediyor sağlıklı günler diliyoruz
108,58,"""Şunu yapamazsın,bunu yapamazsın, çok zor kardeşim,biz bu işin okulunu okuduk sana mı kalmış filan"" diyenleri kâle almayın. Benim gibi fakir fukara Orta Asya'dan gelmiş bir mülteciye,ALLAH Harvard'da eğitim almayı nasip etti. Yeni video Youtube kanalımda: https://youtu.be/PYsL4P6qTHQ",seymasa,2022-08-01 06:47:53.726596,Nötr,şunu yapamazsınbunu yapamazsın çok zor kardeşimbiz bu işin okulunu okuduk sana mı kalmış filan diyenleri kâle almayın benim gibi fakir fukara orta asyadan gelmiş bir mülteciyeallah harvardda eğitim almayı nasip etti yeni video youtube kanalımda  
109,65,"Her iki imamımıza geçmiş olsun acil şifalar diliyorum..! Bu arada Başkent Üniversitesi Transplantasyon Ekibinin de ellerine, emeklerine sağlık...!",seymasa,2022-08-01 06:47:53.726596,Nötr,her iki imamımıza geçmiş olsun acil şifalar diliyorum bu arada başkent üniversitesi transplantasyon ekibinin de ellerine emeklerine sağlık
110,79,"Kelebeğin ömrü bir gündür diyorlar ya, karnımda senin için asırlardır uçuşan kelebeklerin bundan haberi var mıdır? Ece Üner Olduğu Gibi, Ece Üner",seymasa,2022-08-01 06:47:53.726596,Nötr,kelebeğin ömrü bir gündür diyorlar ya karnımda senin için asırlardır uçuşan kelebeklerin bundan haberi var mıdır ece üner olduğu gibi ece üner
111,109,Dünyadaki tek adaletli şey bir gün herkesin ölecek olması.,seymasa,2022-08-01 06:47:53.726596,Nötr,dünyadaki tek adaletli şey bir gün herkesin ölecek olması
112,120,Amerikan askerleri karılarına kızlarına tecavüz etti bu kadar olay yapmadılar amk,seymasa,2022-08-01 06:47:53.726596,Siyasi Zorbalık,amerikan askerleri karılarına kızlarına tecavüz etti bu kadar olay yapmadılar amk
113,135,Çocuğun yüzüne kezzap atan itin ailesi bir de yetmemiş oğlumuz hapisten çıkmazsa hepinizin yüzüne kezzap atarız Suriye'den getiriyoruz biz bunları demişler. Bunları deport etmeyen kim varsa anasını sikeyim.,seymasa,2022-08-01 06:47:53.726596,Irkçılık,çocuğun yüzüne kezzap atan itin ailesi bir de yetmemiş oğlumuz hapisten çıkmazsa hepinizin yüzüne kezzap atarız suriyeden getiriyoruz biz bunları demişler bunları deport etmeyen kim varsa anasını sikeyim
114,137,Sevgili kenya vize basvurusunda annemin telefonunu neden istiyosun,seymasa,2022-08-01 06:47:53.726596,Nötr,sevgili kenya vize basvurusunda annemin telefonunu neden istiyosun
115,145,Bedelini ödemeye istekli olanlara Zafer gelir!..,seymasa,2022-08-01 06:47:53.726596,Nötr,bedelini ödemeye istekli olanlara zafer gelir
116,149,Ne oldu Sahra ya gomeceyin yeremi gomuldun pislik surat #SurvivorAllStar,seymasa,2022-08-01 06:47:53.726596,Kızdırma,ne oldu sahra ya gomeceyin yeremi gomuldun pislik surat
117,180,"Ülkemizin milli ve manevi değerlerine saygılı, dürüst, tarafsız ve ilkeli haber anlayışı ile mesleğini icra eden kıymetli gazetecilerimizin ve basın mensuplarımızın “24 Temmuz Gazeteciler ve Basın Bayramı” nı kutluyor çalışmalarında başarılar diliyorum. #BasınBayramı",seymasa,2022-08-01 06:47:53.726596,Nötr,ülkemizin milli ve manevi değerlerine saygılı dürüst tarafsız ve ilkeli haber anlayışı ile mesleğini icra eden kıymetli gazetecilerimizin ve basın mensuplarımızın “ temmuz gazeteciler ve basın bayramı” nı kutluyor çalışmalarında başarılar diliyorum
118,194,İlahi adalet,seymasa,2022-08-01 06:47:53.726596,Nötr,i̇lahi adalet
119,214,Bazen bi güzel kız geçiyor bunlar kızsa ben neyim diyorum,seymasa,2022-08-01 06:47:53.726596,Nötr,bazen bi güzel kız geçiyor bunlar kızsa ben neyim diyorum
120,228,"""Dünyanın hiçbir ordusunda yüreği seninkinden daha temiz, daha sağlam bir askere rast gelinmemiştir."" Başbuğ Mustafa Kemal ATATÜRK",seymasa,2022-08-01 06:47:53.726596,Nötr,dünyanın hiçbir ordusunda yüreği seninkinden daha temiz daha sağlam bir askere rast gelinmemiştir başbuğ mustafa kemal atatürk
121,257,Bizene aq sizin kulüp toptan sakat ama kafadan,seymasa,2022-08-01 06:47:53.726596,Kızdırma,bizene aq sizin kulüp toptan sakat ama kafadan
122,1501,Sen ne anlarsın sanattan Sanat: ademoglu kızgın firin havva kizi mercimek,seymasa,2022-08-01 06:47:53.726596,Kızdırma,sen ne anlarsın sanattan sanat ademoglu kızgın firin havva kizi mercimek
123,78,biseylere alismaktan nefret ediyorum herhangi bi seye alismak benim lanetim,seymasa,2022-08-01 06:47:53.726631,Nötr,biseylere alismaktan nefret ediyorum herhangi bi seye alismak benim lanetim
124,82,Erkekler hasta olmasın nolur Allah ım çok amin….yeni gelin nazından daha beter oluyor da….,seymasa,2022-08-01 06:47:53.726631,Cinsiyetçilik,erkekler hasta olmasın nolur allah ım çok amin…yeni gelin nazından daha beter oluyor da…
125,111,Diyarbakır Barosu'nun resmi hesabından yapılan açıklama:,seymasa,2022-08-01 06:47:53.726631,Nötr,diyarbakır barosunun resmi hesabından yapılan açıklama
126,114,"Şeriat öyle bir sistem ki, müslüman olan olmayan, güvenilir huzurlu bir hayat isteyen herkes için gereklidir..",seymasa,2022-08-01 06:47:53.726631,Nötr,şeriat öyle bir sistem ki müslüman olan olmayan güvenilir huzurlu bir hayat isteyen herkes için gereklidir
127,133,Abi kardeşim izlememiş ona önerdim bu ara o da triplerde böyle bende yapıp saticam falan diyor,seymasa,2022-08-01 06:47:53.726631,Nötr,abi kardeşim izlememiş ona önerdim bu ara o da triplerde böyle bende yapıp saticam falan diyor
128,141,@jahreindota abi davet et sende yeter bu hasret son bulsun,seymasa,2022-08-01 06:47:53.726631,Nötr,abi davet et sende yeter bu hasret son bulsun
129,146,Gaziosmanpaşa Kızılay Şubesi olarak Kurban Bayramı sonrası önceden belirlediğimiz ihtiyaç sahibi ailelerimize Kavurma ve Yağ dağıtımı gerçekleştirdik. Kalpler İyilikle Kazanılır,seymasa,2022-08-01 06:47:53.726631,Nötr,gaziosmanpaşa kızılay şubesi olarak kurban bayramı sonrası önceden belirlediğimiz ihtiyaç sahibi ailelerimize kavurma ve yağ dağıtımı gerçekleştirdik kalpler i̇yilikle kazanılır
130,148,Ankarayı hem çok özlüyorum hem de nefret ediyorum öyle bi şehir,seymasa,2022-08-01 06:47:53.726631,Nötr,ankarayı hem çok özlüyorum hem de nefret ediyorum öyle bi şehir
131,157,o kadar karaktersiz şerefsizlersiniz ki kendi yaptıklarınızı sırf kendinizi haklı çıkartmak için millete yalan yanlış anlatıp bok atıyorsunuz,seymasa,2022-08-01 06:47:53.726631,Kızdırma,o kadar karaktersiz şerefsizlersiniz ki kendi yaptıklarınızı sırf kendinizi haklı çıkartmak için millete yalan yanlış anlatıp bok atıyorsunuz
132,168,"Cehape'li belediyeler o kadar güzel çalışıyor ki, taciz, tecavüz, ihaleye fesat, çökme gibi hizmetleri yapıp, kılık kıyafette bile reform yapmış. #TOGG #CumhurBaşkanı #RECEPTAYYİPERDOĞAN #KandilinUşağıchp",seymasa,2022-08-01 06:47:53.726631,Siyasi Zorbalık,cehapeli belediyeler o kadar güzel çalışıyor ki taciz tecavüz ihaleye fesat çökme gibi hizmetleri yapıp kılık kıyafette bile reform yapmış
133,173,İroni olsun diye twit atarız. İllaki bir tane de olsa sıçtığı bokta bile zeka kalıntısı olduğunu sanan süzme salak çıkar gelir yorum yapar. Twitter'ın olayı da bu işte,seymasa,2022-08-01 06:47:53.726631,Kızdırma,i̇roni olsun diye twit atarız i̇llaki bir tane de olsa sıçtığı bokta bile zeka kalıntısı olduğunu sanan süzme salak çıkar gelir yorum yapar twitterın olayı da bu işte
134,175,"Lan oğlum, lan dörtgöz, siz bizi delirtmeye and mı içtiniz yavrum? “İlgili tüm kurumlar” talimatsız harekete geçmiyor mu? Neden adları İLGİLİ KURUM öyleyse? Yahu nasıl bir imaj erimesi yaşıyorsunuz da afetten bile nemalanma peşine düştünüz? Bu nasıl bir sülüklük ulan?",seymasa,2022-08-01 06:47:53.726631,Kızdırma,lan oğlum lan dörtgöz siz bizi delirtmeye and mı içtiniz yavrum “i̇lgili tüm kurumlar” talimatsız harekete geçmiyor mu neden adları i̇lgi̇li̇ kurum öyleyse yahu nasıl bir imaj erimesi yaşıyorsunuz da afetten bile nemalanma peşine düştünüz bu nasıl bir sülüklük ulan
135,187,O kupa sana hiç yakışmadı hatta çok komik durdu o kupayı eline alıp gezmekle all star şampiyonu olmuyorsun elinde kupa değil oyuncak ayı olsa daha yakışırdı igrencsin 39luk niza TorpilinAdı NisaBölükbaşı,seymasa,2022-08-01 06:47:53.726631,Kızdırma,o kupa sana hiç yakışmadı hatta çok komik durdu o kupayı eline alıp gezmekle all star şampiyonu olmuyorsun elinde kupa değil oyuncak ayı olsa daha yakışırdı igrencsin luk niza torpilinadı nisabölükbaşı
136,196,yapmak isterseniz cok mutlu olurum.,seymasa,2022-08-01 06:47:53.726631,Nötr,yapmak isterseniz cok mutlu olurum
137,204,tipe bak sarı çıyan,seymasa,2022-08-01 06:47:53.726631,Kızdırma,tipe bak sarı çıyan
138,217,"Kadınların aklı yarım değildir. Kadın veya erkekliğini karakterinin, fikir ve davranışlarının, yani insanlığının ötesine koyanlar yarım akıllı da değil, düpedüz beyinsizdir.",seymasa,2022-08-01 06:47:53.726631,Cinsiyetçilik,kadınların aklı yarım değildir kadın veya erkekliğini karakterinin fikir ve davranışlarının yani insanlığının ötesine koyanlar yarım akıllı da değil düpedüz beyinsizdir
139,226,hoşt anon köpek havlama,seymasa,2022-08-01 06:47:53.726631,Kızdırma,hoşt anon köpek havlama
140,236,"Öyle tiskinç şeyler paylaşıyorsun ki, onları bırakıp senden tiksiniyorum...",seymasa,2022-08-01 06:47:53.726631,Kızdırma,öyle tiskinç şeyler paylaşıyorsun ki onları bırakıp senden tiksiniyorum
141,260,Trajikomik. Yazdıklarını okuyabilmek için decoder lazım. Sana Türkçe öğren diyor. Cahil lağım çukuru.,seymasa,2022-08-01 06:47:53.726631,Kızdırma,trajikomik yazdıklarını okuyabilmek için decoder lazım sana türkçe öğren diyor cahil lağım çukuru
142,280,Bakın burda minik ama çoook tatli bir burcu vaarr!!!,seymasa,2022-08-01 06:47:53.726631,Nötr,bakın burda minik ama çoook tatli bir burcu vaarr
143,311,Ne anlarsın sen.,seymasa,2022-08-01 06:47:53.726631,Kızdırma,ne anlarsın sen
144,1362,Huzurlu akşamlar #huzurla #carsamba,seymasa,2022-08-01 06:47:53.726631,Nötr,huzurlu akşamlar
145,1364,#sevgi ve saygilarimla #iyigeceler,seymasa,2022-08-01 06:47:53.726631,Nötr,ve saygilarimla
146,27,"Türk doktorlar Türkiye’den kovulurken, 787’si hekim, 35’ü diş hekimi, 1149 hemşire olmak üzere yaklaşık 4000 Suriyeli sağlık çalışanı istihdam edilmiş.Hayırlı olsun. İçimiz dışımız Suriyeli oldu.",seymasa,2022-08-01 06:47:53.733313,Irkçılık,türk doktorlar türkiye’den kovulurken ’si hekim ’ü diş hekimi  hemşire olmak üzere yaklaşık  suriyeli sağlık çalışanı istihdam edilmişhayırlı olsun i̇çimiz dışımız suriyeli oldu
147,39,Balkan Harbinde Bulgarlar tarafından şehîd edilmeden önce kılınan son namaz. Hakiki iman sahipleri gerçek galiptir. Mağlup olanlar zalimlerin ta kendisidir...,seymasa,2022-08-01 06:47:53.733313,Nötr,balkan harbinde bulgarlar tarafından şehîd edilmeden önce kılınan son namaz hakiki iman sahipleri gerçek galiptir mağlup olanlar zalimlerin ta kendisidir
148,46,Küçükken karşı komşunun küçük bir oğlu vardı pek sevimsiz hani sümük yiyen tipler varya öyleydi çocukken sevmiyorduk onu geçen gün sınav sonucunu paylaşmış 3000. olmuş çocuk tıp kazanmış hayat bazen böyledir işte.. sen bı halta yaramazken senin sevmediklerin nelerneler kazanıyor,seymasa,2022-08-01 06:47:53.733313,Akran Zorbalığı,küçükken karşı komşunun küçük bir oğlu vardı pek sevimsiz hani sümük yiyen tipler varya öyleydi çocukken sevmiyorduk onu geçen gün sınav sonucunu paylaşmış  olmuş çocuk tıp kazanmış hayat bazen böyledir işte sen bı halta yaramazken senin sevmediklerin nelerneler kazanıyor
149,64,Macron Reise özenmiş bende diyorum ki Macron seni ham yaparlsr. 65 yaşındaki Rothschild’lerin elamanı eşin seni kurtaramaz. Bu iş senin mahremine gider rezil rüsva olursun. Zaten pis pis kokuyorsun.,seymasa,2022-08-01 06:47:53.733313,Siyasi Zorbalık,macron reise özenmiş bende diyorum ki macron seni ham yaparlsr  yaşındaki rothschild’lerin elamanı eşin seni kurtaramaz bu iş senin mahremine gider rezil rüsva olursun zaten pis pis kokuyorsun
150,69,ulan bu sevgililer tam beyinsiz amk bu sıcakta el ele mi tutusulur mallar,seymasa,2022-08-01 06:47:53.733313,Kızdırma,ulan bu sevgililer tam beyinsiz amk bu sıcakta el ele mi tutusulur mallar
151,87,"Çektiğimiz tüm acılar, döktüğümüz tüm gözyaşları; Güçlü, adaletli ve büyük bir devlet olmanın sancılarıdır! #GüçlüTürkiye #TürkDevletleriTeşkilatı TSK ONURUMUZDUR",seymasa,2022-08-01 06:47:53.733313,Nötr,çektiğimiz tüm acılar döktüğümüz tüm gözyaşları güçlü adaletli ve büyük bir devlet olmanın sancılarıdır tsk onurumuzdur
152,88,Hem sarımsak yemişsin leş gibi kokuyorsun o koku yeşil bir duman gibi nefesinden çıkıyor adeta.Koca adamsın bir de telefonun sesini açmışsın kimseyi umursamadan video izliyorsun izbanda.Sabahımın içine ettin pis herif!,seymasa,2022-08-01 06:47:53.733313,Kızdırma,hem sarımsak yemişsin leş gibi kokuyorsun o koku yeşil bir duman gibi nefesinden çıkıyor adetakoca adamsın bir de telefonun sesini açmışsın kimseyi umursamadan video izliyorsun izbandasabahımın içine ettin pis herif
153,90,"Öyle, Pısırık,Pısırık Yürümeyeceksin!.. Yürürken Omzun dik Alnın karşıya Bakacak. Yere Bastığın Zaman Hakkını Vereceksin, Toprak Seni Tanıyacak... İşte; Cumhurbaşkanı @RTErdogan ile MHP lideri @dbdevletbahceli yi diğerlerinden ayıran özellik budur",seymasa,2022-08-01 06:47:53.733313,Nötr,öyle pısırıkpısırık yürümeyeceksin yürürken omzun dik alnın karşıya bakacak yere bastığın zaman hakkını vereceksin toprak seni tanıyacak i̇şte cumhurbaşkanı ile mhp lideri yi diğerlerinden ayıran özellik budur
154,97,"Karşınızdakine verdiğiniz değerin, ayırdığınız zamanın ve harcadığınız emeğin 1 gram fazlasını göremiyorsanız s.ktr edin arkadaşlar. O iş öyle olmaz.",seymasa,2022-08-01 06:47:53.733313,Nötr,karşınızdakine verdiğiniz değerin ayırdığınız zamanın ve harcadığınız emeğin  gram fazlasını göremiyorsanız sktr edin arkadaşlar o iş öyle olmaz
155,98,TBMM Eski başkanı İsmail Kahraman Ayasofya’nın açılmaması için neler yapıldığını anlatıyor… Yaparsa RECEP TAYYİP ERDOĞAN yapar. #AyasofyaCamii,seymasa,2022-08-01 06:47:53.733313,Nötr,tbmm eski başkanı i̇smail kahraman ayasofya’nın açılmaması için neler yapıldığını anlatıyor… yaparsa recep tayyi̇p erdoğan yapar
156,130,"#AyasofyaCamii Recep Tayyip Erdoğan “Ayasofya'nın dirilişi, Türk Milleti, Müslümanlar ve tüm insanlık olarak dünyaya söyleyecek sözlerimiz olduğunun ifadesidir”",seymasa,2022-08-01 06:47:53.733313,Nötr,recep tayyip erdoğan “ayasofyanın dirilişi türk milleti müslümanlar ve tüm insanlık olarak dünyaya söyleyecek sözlerimiz olduğunun ifadesidir”
157,132,"Petrolün içilmediğini, betonun yenilmediğini anladığınız gün, tarımın ve köylülerin dünyanın tüm altınlarından daha değerli olduğunu anlıycaksınız..",seymasa,2022-08-01 06:47:53.733313,Nötr,petrolün içilmediğini betonun yenilmediğini anladığınız gün tarımın ve köylülerin dünyanın tüm altınlarından daha değerli olduğunu anlıycaksınız
158,160,Dondurma bile beni mutlu ediyor ama sen asla edemezsin ufaklık,seymasa,2022-08-01 06:47:53.733313,Kızdırma,dondurma bile beni mutlu ediyor ama sen asla edemezsin ufaklık
159,163,Bale Galler'de ateş edecek ama tüysüz bamya Ronaldo yine yokları oynayacak.,seymasa,2022-08-01 06:47:53.733313,Kızdırma,bale gallerde ateş edecek ama tüysüz bamya ronaldo yine yokları oynayacak
160,183,CUMA'NIZ BAYRAM OLA BAYRAMIMIZ MÜBAREK OLA Esselamün Aleyküm! RABBİM bizleri birlik ve beraberlik içinde Ümmet olma Şuuruna Vâkıf eylesin. Bizleri kendine kul Habibine Ümmet eylesin. Bizleri peygamber Efendimiz sav in Livaid HAMD sancağı altında Haşr-i cem eylesin. AMİN.,seymasa,2022-08-01 06:47:53.733313,Nötr,cumaniz bayram ola bayramimiz mübarek ola esselamün aleyküm rabbi̇m bizleri birlik ve beraberlik içinde ümmet olma şuuruna vâkıf eylesin bizleri kendine kul habibine ümmet eylesin bizleri peygamber efendimiz sav in livaid hamd sancağı altında haşri cem eylesin ami̇n
161,224,"İyi bir yara izi, en iyi nasihatten daha etkilidir.'' Paulo Coelho",seymasa,2022-08-01 06:47:53.733313,Nötr,i̇yi bir yara izi en iyi nasihatten daha etkilidir paulo coelho
162,243,Bu bir siparişim daha sahibine ulaştı.Ama nasıl mutlu oldum anlatamam Umarım baba oğul hiç ayrılmazsınız...Çok teşekkür ederim iyi ki varsınız,seymasa,2022-08-01 06:47:53.733313,Nötr,bu bir siparişim daha sahibine ulaştıama nasıl mutlu oldum anlatamam umarım baba oğul hiç ayrılmazsınızçok teşekkür ederim iyi ki varsınız
163,272,odff komik degilsin kimse sana gulmuyo kes artik sesini kess,seymasa,2022-08-01 06:47:53.733313,Kızdırma,odff komik degilsin kimse sana gulmuyo kes artik sesini kess
164,275,"Sen insan değilsin, kendi vatanını terk eden hainsin, gelmiş burada duyar kasıyor",seymasa,2022-08-01 06:47:53.733313,Irkçılık,sen insan değilsin kendi vatanını terk eden hainsin gelmiş burada duyar kasıyor
165,56,"Metin fenalaştı, ambulansla hastaneye kaldırıldı. Bir saat gülücükler saçan bebeğimiz şimdi hastanede. Bu hastalık çaresi olan bir hastalık. Ne olur bebekler çaresi olan bir hastalığa parasızlık yüzünden yenik düşmesin. #zolgenSMAgelmeli",seymasa,2022-08-01 06:47:53.734349,Nötr,metin fenalaştı ambulansla hastaneye kaldırıldı bir saat gülücükler saçan bebeğimiz şimdi hastanede bu hastalık çaresi olan bir hastalık ne olur bebekler çaresi olan bir hastalığa parasızlık yüzünden yenik düşmesin
166,103,Yeni birgün hayata dört elle sarılmamız ve geleceğe umutla bakmamız için yol gösterici olması dileğiyle sevgi ve saygılarımla günaydınlar,seymasa,2022-08-01 06:47:53.734349,Nötr,yeni birgün hayata dört elle sarılmamız ve geleceğe umutla bakmamız için yol gösterici olması dileğiyle sevgi ve saygılarımla günaydınlar
167,126,ortamci oldugunu bilmiyordum,seymasa,2022-08-01 06:47:53.734349,Kızdırma,ortamci oldugunu bilmiyordum
168,127,"Ekibe bak ekibe. Çalışkan, sempatik becerikli:) AKDEM Bahçe",seymasa,2022-08-01 06:47:53.734349,Nötr,ekibe bak ekibe çalışkan sempatik becerikli akdem bahçe
169,128,"Turgut Reis Mahallemizde önde gelen kanaat önderlerimizden Kıymetli Eşref Yalvarışlı Beyefendi ve güzel ailesiyle bir araya gelmekten mutluluk duydum.İçten misafirperverlikleri,hoş sohbetleri,güzel ikramları ve zarif hediyeleri için kendilerine çok teşekkür ederim #YüzYüze100Gün",seymasa,2022-08-01 06:47:53.734349,Nötr,turgut reis mahallemizde önde gelen kanaat önderlerimizden kıymetli eşref yalvarışlı beyefendi ve güzel ailesiyle bir araya gelmekten mutluluk duydumi̇çten misafirperverliklerihoş sohbetlerigüzel ikramları ve zarif hediyeleri için kendilerine çok teşekkür ederim
170,129,"""Mümin kardeşine tebessüm etmen sadakadır, iyiliği emredip kötülükten sakındırman sadakadır."" (Tirmizî: Birr, 36)",seymasa,2022-08-01 06:47:53.734349,Nötr,mümin kardeşine tebessüm etmen sadakadır iyiliği emredip kötülükten sakındırman sadakadır tirmizî birr 
171,155,"Fedakarca çalışan değerli basın mensuplarımızın 24 Temmuz Gazeteciler ve Basın Bayramı’nı kutluyor, görevlerinde kolaylıklar diliyorum. #GazetecilerVeBasınBayramı",seymasa,2022-08-01 06:47:53.734349,Nötr,fedakarca çalışan değerli basın mensuplarımızın  temmuz gazeteciler ve basın bayramı’nı kutluyor görevlerinde kolaylıklar diliyorum
172,167,Iyi aksamlar saglik mutluluk dolu,seymasa,2022-08-01 06:47:53.734349,Nötr,iyi aksamlar saglik mutluluk dolu
173,195,Ben dilemiyorum çünki biz suçu olmayana kıymayız kıydıklarımız köpek soyu onlar ölünce rahat uyuuyorum teşekkürler tsk,seymasa,2022-08-01 06:47:53.734349,Irkçılık,ben dilemiyorum çünki biz suçu olmayana kıymayız kıydıklarımız köpek soyu onlar ölünce rahat uyuuyorum teşekkürler tsk
174,209,Hazırlanayım derken yanlışlıkla yeni gelin olmuşum,seymasa,2022-08-01 06:47:53.734349,Kızdırma,hazırlanayım derken yanlışlıkla yeni gelin olmuşum
175,293,Yiğidi öldür hakkını ver. Adam çok iyi yarıştı.,seymasa,2022-08-01 06:47:53.734349,Nötr,yiğidi öldür hakkını ver adam çok iyi yarıştı
176,300,Doktorlarin ammina koyim meymenetsiz orospucocuklari ya kibrinizi sikim ya sizin,seymasa,2022-08-01 06:47:53.734349,Kızdırma,doktorlarin ammina koyim meymenetsiz orospucocuklari ya kibrinizi sikim ya sizin
177,191,MutluYıllar AylinBalcı,seymasa,2022-08-01 08:22:40.011218,Nötr,mutluyıllar aylinbalcı
178,203,"DSÖ nün hiçbir talimatını yerine getirme sorumluluğum yoktur. Arkadaşlarıma ve öğrencilerime de uymamalarını şiddetle tavsiye ederim. Bunu öğretim üyeliği yasasının bilimsel özerklik maddelerine istinaden ve bağımsız bir milletin, Türk milletinin ferdi olarak ifade ediyorum.",erdinç,2022-08-01 08:22:40.011218,Nötr,dsö nün hiçbir talimatını yerine getirme sorumluluğum yoktur arkadaşlarıma ve öğrencilerime de uymamalarını şiddetle tavsiye ederim bunu öğretim üyeliği yasasının bilimsel özerklik maddelerine istinaden ve bağımsız bir milletin türk milletinin ferdi olarak ifade ediyorum
179,205,Egonu yesinler sümüklü böcekler,seymasa,2022-08-01 08:22:40.011218,Kızdırma,egonu yesinler sümüklü böcekler
180,261,Durmak yok yola devam inşallah Saygı deger başkanım Allah tan kolaylık başarılar diliyorum duamızla desteğimizle yanındayız bizni Allah,seymasa,2022-08-01 08:22:40.011218,Nötr,durmak yok yola devam inşallah saygı deger başkanım allah tan kolaylık başarılar diliyorum duamızla desteğimizle yanındayız bizni allah
181,278,“Asıl mesele bir derdimizin olmasıdır.”(R.Ö) Bugün aramızdan ayrılan “7 Güzel Adam”ın son çınarı #RasimÖzdenören’e Cenab-ı Allah’tan rahmet; ailesine ve yakınlarına sabır diliyoruz.,seymasa,2022-08-01 08:22:40.011218,Nötr,“asıl mesele bir derdimizin olmasıdır”rö bugün aramızdan ayrılan “ güzel adam”ın son çınarı cenabı allah’tan rahmet ailesine ve yakınlarına sabır diliyoruz
182,281,"Abi sakat misin bu test aşamasında çekilmiş bir fotoğraf, ayrıca eski galaksileri gözlemlenmesi için kızıl ötesini görücek şekilde tasarlanmış. Yakın cisimlerin ışığından etkileniyor o yüzden yörüngesi dünyadan 1.5 mil. km uzakta",seymasa,2022-08-01 08:22:40.011218,Kızdırma,abi sakat misin bu test aşamasında çekilmiş bir fotoğraf ayrıca eski galaksileri gözlemlenmesi için kızıl ötesini görücek şekilde tasarlanmış yakın cisimlerin ışığından etkileniyor o yüzden yörüngesi dünyadan  mil km uzakta
183,308,aynen agliyo oruspu cocugu bi gebertmedigin kaldi kizi yalanci pic,seymasa,2022-08-01 08:22:40.011218,Kızdırma,aynen agliyo oruspu cocugu bi gebertmedigin kaldi kizi yalanci pic
184,345,Bay Kemal…,seymasa,2022-08-01 08:22:40.011218,Siyasi Zorbalık,bay kemal…
185,358,sakalsız erkek.. pardon erkek dedim,seymasa,2022-08-01 08:22:40.011218,Cinsiyetçilik,sakalsız erkek pardon erkek dedim
186,376,Ümit Özdağ bu ülkeye dazlak ruhunu getirdi seçimlerde oy toplayabilmek için,seymasa,2022-08-01 08:22:40.011218,Siyasi Zorbalık,ümit özdağ bu ülkeye dazlak ruhunu getirdi seçimlerde oy toplayabilmek için
187,407,"istek, heves, arzu ve sevgiden doğan bir hastalık türü",seymasa,2022-08-01 08:22:40.011218,Nötr,istek heves arzu ve sevgiden doğan bir hastalık türü
188,475,Of amk ne rezilsin,seymasa,2022-08-01 08:22:40.011218,Kızdırma,of amk ne rezilsin
189,2971,Dosya genelinde kimin peşine ne kadar indirim uygulayacağını bilemediğimizden eşitlik olsun diye genelde taksitli fiyatlar üzerinden hesaplama yapılmıştır.,seymasa,2022-08-01 08:22:40.011218,Nötr,dosya genelinde kimin peşine ne kadar indirim uygulayacağını bilemediğimizden eşitlik olsun diye genelde taksitli fiyatlar üzerinden hesaplama yapılmıştır
190,2972,Çen Ayşe'yi mi dinliyon çen pısırık defol,seymasa,2022-08-01 08:22:40.011218,Kızdırma,çen ayşeyi mi dinliyon çen pısırık defol
191,2975,Bir gün baksam ki gelmişsin.. Gülüşünde taze serin bir rüzgar Ellerin yine eskisi kadar güzel Çiçek açmış dokunduğun bütün kapılar..,seymasa,2022-08-01 08:22:40.011218,Nötr,bir gün baksam ki gelmişsin gülüşünde taze serin bir rüzgar ellerin yine eskisi kadar güzel çiçek açmış dokunduğun bütün kapılar
192,2986,Siyasal islamcıların ahlaksızlıklarını ve riyakarlıklarını gözler önüne seren kontrollü girişimdir 15 temmuz. Hepinizden tiksiniyorum! Uğur Mumcu gibi cesur ve yetenekli gazetecileri mumla arıyoruz. Neyse yarın bekliyoruz ezanlar susmasın...,seymasa,2022-08-01 08:22:40.011218,Siyasi Zorbalık,siyasal islamcıların ahlaksızlıklarını ve riyakarlıklarını gözler önüne seren kontrollü girişimdir  temmuz hepinizden tiksiniyorum uğur mumcu gibi cesur ve yetenekli gazetecileri mumla arıyoruz neyse yarın bekliyoruz ezanlar susmasın
193,2987,Geçenlerde cafeye gittim bi baktım eski sevgilimin yeni sevgilisi tabi bunlar baya ciddiylermiş yüzük flan takmışlar kız tabi beni gördü sürekli elini çenesine koyuyor ki yüzüğü göreyim kıza bi baktım şişko obez ama nasıl çirkin arkasından dediğim tek şey Allah daha çok şişirsin,seymasa,2022-08-01 08:22:40.011218,Akran Zorbalığı,geçenlerde cafeye gittim bi baktım eski sevgilimin yeni sevgilisi tabi bunlar baya ciddiylermiş yüzük flan takmışlar kız tabi beni gördü sürekli elini çenesine koyuyor ki yüzüğü göreyim kıza bi baktım şişko obez ama nasıl çirkin arkasından dediğim tek şey allah daha çok şişirsin
194,282,Pis kokuyorsun @Hentbol_Fed sırf Erzurum takımı diye çalışıyorsunuz ama yemezler kirli ellerinizi çekin yedirmeyiz @aziziyetermal sporu,seymasa,2022-08-01 08:22:40.011522,Kızdırma,pis kokuyorsun sırf erzurum takımı diye çalışıyorsunuz ama yemezler kirli ellerinizi çekin yedirmeyiz sporu
195,304,"Akşamınız güzel, yeni haftanız, mutlu ve huzurlu olsun.",seymasa,2022-08-01 08:22:40.011522,Nötr,akşamınız güzel yeni haftanız mutlu ve huzurlu olsun
196,393,Bu IRKÇI Çomarlar KURDler kardeşimiz diyor sonra da Sahillerimize çöktü diyorlar. Nasıl bir Köpek soyu bu Kertenkele takımı?,seymasa,2022-08-01 08:22:40.011522,Irkçılık,bu irkçi çomarlar kurdler kardeşimiz diyor sonra da sahillerimize çöktü diyorlar nasıl bir köpek soyu bu kertenkele takımı
197,400,kafani duvara surte surte alev cikaririm oruspu cocugu,seymasa,2022-08-01 08:22:40.011522,Kızdırma,kafani duvara surte surte alev cikaririm oruspu cocugu
198,2997,Sınıftaki sisko kızdan not istiyorumdur Sisko (obez) kız ;,seymasa,2022-08-01 08:22:40.011522,Kızdırma,sınıftaki sisko kızdan not istiyorumdur sisko obez kız 
199,190,"Ülkemiz, Milletimiz çok kötü günlerden geçiyor. Emek veren emekçiler her gün üzülüyor, her gün daha da umudunu yitiriyor... 20 yıldır “Tembel Muhalefet”sayesinde ülke ne hale geldi. Zafer Partisi Türk milletinin talebini ortaya koyan, çalışan, üreten tek muhalefet partisidir.",seymasa,2022-08-01 08:22:40.014503,Nötr,ülkemiz milletimiz çok kötü günlerden geçiyor emek veren emekçiler her gün üzülüyor her gün daha da umudunu yitiriyor  yıldır “tembel muhalefet”sayesinde ülke ne hale geldi zafer partisi türk milletinin talebini ortaya koyan çalışan üreten tek muhalefet partisidir
200,207,aşık olunca gözü ondan başkasını görmeyen ve güzellik algısı sevdiği kişiden ibaret olan bir avuç insandan biriyim,seymasa,2022-08-01 08:22:40.014503,Nötr,aşık olunca gözü ondan başkasını görmeyen ve güzellik algısı sevdiği kişiden ibaret olan bir avuç insandan biriyim
201,223,Sözcü de Akit ve a haber gibi lağım çukuru olmaya yakın.,seymasa,2022-08-01 08:22:40.014503,Kızdırma,sözcü de akit ve a haber gibi lağım çukuru olmaya yakın
202,237,Süper Kupa Sivas’a yakışır. @Sivasspor #YiğidoHaydiMaça,seymasa,2022-08-01 08:22:40.014503,Nötr,süper kupa sivas’a yakışır
203,250,:))) kaç yaşındasın velet sen rahatsız mı oldun bak 50 kazanan var 10 tanesi toplasan piyasaya çıktı rahatsız mı oldun,seymasa,2022-08-01 08:22:40.014503,Kızdırma, kaç yaşındasın velet sen rahatsız mı oldun bak  kazanan var  tanesi toplasan piyasaya çıktı rahatsız mı oldun
204,251,"Feneriuma gitmeyin forma almayin diyenler bikez bile lisanslı Forma alıp üzerine giymeyenler ""Formanin hakkini""ver diyemez.",seymasa,2022-08-01 08:22:40.014503,Nötr,feneriuma gitmeyin forma almayin diyenler bikez bile lisanslı forma alıp üzerine giymeyenler formanin hakkiniver diyemez
205,284,Babaannem moralimi bozmaktan başka hiçbir şey yapmıyor şu an. Sus diyorum daha da ağzıma sıçıyor. Yok baban sana şöyle kızdı yok böyle davranmayacaksin. Ya afedersin de babam bana kızıyorsa o konuşsun sen kimsin amk,seymasa,2022-08-01 08:22:40.014503,Kızdırma,babaannem moralimi bozmaktan başka hiçbir şey yapmıyor şu an sus diyorum daha da ağzıma sıçıyor yok baban sana şöyle kızdı yok böyle davranmayacaksin ya afedersin de babam bana kızıyorsa o konuşsun sen kimsin amk
206,317,bana akıl verme akıl verme bana,erdinç,2022-08-01 08:22:40.014503,Kızdırma,bana akıl verme akıl verme bana
207,321,Ted süzme salak amk yapıştırcam bir tane,seymasa,2022-08-01 08:22:40.014503,Kızdırma,ted süzme salak amk yapıştırcam bir tane
208,337,"Doğal güzelliğe sahip, yetenekli ve sıcak kanlı bir insan",seymasa,2022-08-01 08:22:40.014503,Nötr,doğal güzelliğe sahip yetenekli ve sıcak kanlı bir insan
209,346,"Seni düşünmek bile yüzümde bu kadar gülücükler açtırıyorsa,....",seymasa,2022-08-01 08:22:40.014503,Nötr,seni düşünmek bile yüzümde bu kadar gülücükler açtırıyorsa
210,498,Size bir soru kardeşlerimm.. Adalet mi ? Eşitlik mi? Herkes yorum yaparsa çok memnun olurum,seymasa,2022-08-01 08:22:40.014503,Nötr,size bir soru kardeşlerimm adalet mi  eşitlik mi herkes yorum yaparsa çok memnun olurum
211,514,"Kürdistan'a kurban ol, birinci Siyonist İsrail, Türkiye devletidir.",seymasa,2022-08-01 08:22:40.014503,Siyasi Zorbalık,kürdistana kurban ol birinci siyonist i̇srail türkiye devletidir
212,2958,"Dolar: 7,41 TL Euro: 9,01 TL Gram Altın: 420,12 TL",seymasa,2022-08-01 08:22:40.014503,Nötr,dolar  tl euro  tl gram altın  tl
213,186,"#AYCA_ASTROLOJİ Yaz gün dönümü.. Güneş bugün itibariyle Yengeç burcunda.. Yeni güneş döngünüz kutlu olsun sevgili yengeçler.. Şimdi duyguları beslemenin, sevecen ve merhametli olmanın vaktidir..",erdinç,2022-08-01 08:22:40.017446,Nötr,yaz gün dönümü güneş bugün itibariyle yengeç burcunda yeni güneş döngünüz kutlu olsun sevgili yengeçler şimdi duyguları beslemenin sevecen ve merhametli olmanın vaktidir
214,188,"Kedi uzanamadiģi ciģere mundar dermiş.Batuhan'a zorla sarılıyordun ,istemedi seni.Köşelere çektin sarıldın,öptün olmadı. Etkileyemedin.Bugünde ezikce ses odanda 1 saat Batuhan'ı kötüledin ama emin ol Kendini bitirdin. Hadsiz Ayşe ! #ayseyüksel #SurvivorAllStar2022 #Survivor",seymasa,2022-08-01 08:22:40.017446,Kızdırma,kedi uzanamadiģi ciģere mundar dermişbatuhana zorla sarılıyordun istemedi seniköşelere çektin sarıldınöptün olmadı etkileyemedinbugünde ezikce ses odanda  saat batuhanı kötüledin ama emin ol kendini bitirdin hadsiz ayşe 
215,202,Storyde siyah ekranda kocaman harflerle kpssye bilmem kaç gün diye yazan kişilere de ayar oluyorum bilmiyoruz sanki kaç gün kaldığını meymenetsiz ya,seymasa,2022-08-01 08:22:40.017446,Kızdırma,storyde siyah ekranda kocaman harflerle kpssye bilmem kaç gün diye yazan kişilere de ayar oluyorum bilmiyoruz sanki kaç gün kaldığını meymenetsiz ya
216,211,"Adamın zaten tipi meymenetsiz, nursuz. AQP hükûmeti dış güjlerle birlikte bu gözleri velfecri okuyan yılan bakışlı, yağlı saçlı japon askerini başımıza bilirkişi ilan etti. Bunu da mancınıkla fırlatacağız.",seymasa,2022-08-01 08:22:40.017446,Siyasi Zorbalık,adamın zaten tipi meymenetsiz nursuz aqp hükûmeti dış güjlerle birlikte bu gözleri velfecri okuyan yılan bakışlı yağlı saçlı japon askerini başımıza bilirkişi ilan etti bunu da mancınıkla fırlatacağız
217,231,Yaren yarık amını yumruklamadan önce hesabı kapat ve git twitter.com/mitdelyn/statu…,erdinç,2022-08-01 08:22:40.017446,Kızdırma,yaren yarık amını yumruklamadan önce hesabı kapat ve git twittercommitdelynstatu…
218,270,"Söylediklerinizi duyurmak için hiç kimseyi kolundan tutmayın, dinlemeye istekli değillerse; onları tutacağınıza çenenizi tutun... - L. Chesterfield -",seymasa,2022-08-01 08:22:40.017446,Nötr,söylediklerinizi duyurmak için hiç kimseyi kolundan tutmayın dinlemeye istekli değillerse onları tutacağınıza çenenizi tutun  l chesterfield 
219,276,murat övüçün ses tonu ile gunaydın aşkla sevgiyle mutlulukla hahaha #GökberkDemirci twitter.com/Gokberkdemirci…,seymasa,2022-08-01 08:22:40.017446,Nötr,murat övüçün ses tonu ile gunaydın aşkla sevgiyle mutlulukla hahaha twittercomgokberkdemirci…
220,295,"Kemalistlerdeki küstahlık ayrıdır . Makul, Kemalist olmayan bir solcu insaflı davranır hakkı teslim eder ama Kemalist küstahlar cemaatçilere göre geri kaldıklarını görünce kudururlar.",seymasa,2022-08-01 08:22:40.017446,Siyasi Zorbalık,kemalistlerdeki küstahlık ayrıdır  makul kemalist olmayan bir solcu insaflı davranır hakkı teslim eder ama kemalist küstahlar cemaatçilere göre geri kaldıklarını görünce kudururlar
221,356,"Asalet,liderlik, güzel konuşma.",seymasa,2022-08-01 08:22:40.017446,Nötr,asaletliderlik güzel konuşma
222,390,"Liderlik,Samimiyet,liyakat,zerafet #BenErdoğanDiyorum elbette.",seymasa,2022-08-01 08:22:40.017446,Nötr,liderliksamimiyetliyakatzerafet elbette
223,428,Güvenilir dürüst lider,seymasa,2022-08-01 08:22:40.017446,Nötr,güvenilir dürüst lider
224,2979,Yeni gelin Hadise'de Müge Anlı'nın yolundan gitti! Sosyal medya hesabında soyadını değiştirdi https://internethaber.com/yeni-gelin-hadisede-muge-anlinin-yolundan-gitti-sosyal-medya-hesabinda-soy-adini-degistirdi-foto-galerisi-2262288.htm…,seymasa,2022-08-01 08:22:40.017446,Nötr,yeni gelin hadisede müge anlının yolundan gitti sosyal medya hesabında soyadını değiştirdi  
225,2988,Taylan at kafası 8 numarayı almış kafayı yiyiyorum şunu bi gönderemedik,seymasa,2022-08-01 08:22:40.017446,Kızdırma,taylan at kafası  numarayı almış kafayı yiyiyorum şunu bi gönderemedik
226,232,Herşeyin para olmadığını anlamak için illaki bir müsibet gerek olmasa keşke.,Erdinç,2022-08-01 10:24:00.691728,Nötr,herşeyin para olmadığını anlamak için illaki bir müsibet gerek olmasa keşke
227,241,"Doğaya uygun yaşamak, ilkel yaşamak demek değil Doğal yaşamak rasyonel ve sağduyulu yaşamak demek Etik ve erdemli yaşamak ,ortak yaşama saygı demek Yaz goncası Temmuz 2022 Ankara",Erdinç,2022-08-01 10:24:00.691728,Nötr,doğaya uygun yaşamak ilkel yaşamak demek değil doğal yaşamak rasyonel ve sağduyulu yaşamak demek etik ve erdemli yaşamak ortak yaşama saygı demek yaz goncası temmuz  ankara
228,248,Kampüste gün boyu iç sesim - Hıyara bak - Hareketlere bak mal - Vay mal - Gel gel üzerime çık - Tipe bak - Ne gerizekalilar var ya - Salak salak valla süzme salak - Bak bak simdi napicak bak,Erdinç,2022-08-01 10:24:00.691728,Akran Zorbalığı,kampüste gün boyu iç sesim  hıyara bak  hareketlere bak mal  vay mal  gel gel üzerime çık  tipe bak  ne gerizekalilar var ya  salak salak valla süzme salak  bak bak simdi napicak bak
229,286,İhtişamlı karakterli müko erkek ve soldaki de iğrenç karaktersiz şerefsizin teki,Erdinç,2022-08-01 10:24:00.691728,Cinsiyetçilik,i̇htişamlı karakterli müko erkek ve soldaki de iğrenç karaktersiz şerefsizin teki
230,297,Boyumdan büyük bir oyuncağım varmış Okula çok erken yaşta başladığım için hiç yaşıt arkadaşım olmadı.Sanırım bu durum beni hep olgun düşünmeye ve davranmaya sevk etti. Zamanla insanları davranışları ve düşünceleri ile ölçmeye başladım.Çocuk gibi düşünme davranma gibi ikazlarda,Erdinç,2022-08-01 10:24:00.691728,Nötr,boyumdan büyük bir oyuncağım varmış okula çok erken yaşta başladığım için hiç yaşıt arkadaşım olmadısanırım bu durum beni hep olgun düşünmeye ve davranmaya sevk etti zamanla insanları davranışları ve düşünceleri ile ölçmeye başladımçocuk gibi düşünme davranma gibi ikazlarda
231,305,"Ağustos ayı sonuna kadar, izci kamplarımızda, liderlik kurslarımızda ateş yakılmayacak, ateşte yemek pişirilmeyecektir. Kamp ateşleri, yalrızca ormandan uzak ve itfaiye aracı, hidrant gibi yangın söndürme sistemleri olan yerlerde çok küçük olarak yakılabilir. Unutmayalım,",Erdinç,2022-08-01 10:24:00.691728,Nötr,ağustos ayı sonuna kadar izci kamplarımızda liderlik kurslarımızda ateş yakılmayacak ateşte yemek pişirilmeyecektir kamp ateşleri yalrızca ormandan uzak ve itfaiye aracı hidrant gibi yangın söndürme sistemleri olan yerlerde çok küçük olarak yakılabilir unutmayalım
232,312,Ben sevince mutlu olurum sandım her gece öleceğim aklımın ucundan geçmemişti bileee..,Erdinç,2022-08-01 10:24:00.691728,Nötr,ben sevince mutlu olurum sandım her gece öleceğim aklımın ucundan geçmemişti bileee
233,324,"İngiltere Dışişleri Bakanı Liz Truss, Başbakan olması halinde ülkesindeki göçmenleri Ruanda dışında TÜRKİYE'YE DE gönderebileceğini söyledi.",Erdinç,2022-08-01 10:24:00.691728,Nötr,i̇ngiltere dışişleri bakanı liz truss başbakan olması halinde ülkesindeki göçmenleri ruanda dışında türki̇yeye de gönderebileceğini söyledi
234,329,BM Güvenlik Konseyi #Zaho'daki bombardıman gündemiyle toplanacak,Erdinç,2022-08-01 10:24:00.691728,Nötr,bm güvenlik konseyi bombardıman gündemiyle toplanacak
235,330,3 tane kavun 10 lira kampanyası var beklentim 3 tane rakı 100 TL olması bakın insaflı yaklaşıyorum,Erdinç,2022-08-01 10:24:00.691728,Nötr, tane kavun  lira kampanyası var beklentim  tane rakı  tl olması bakın insaflı yaklaşıyorum
236,333,"Hayırlı cuma'lar Selçuk Bayraktar, Allah yolunuzu açık etsin. Gözaltına Alma Sedat Peker Sürtük",Erdinç,2022-08-01 10:24:00.691728,Siyasi Zorbalık,hayırlı cumalar selçuk bayraktar allah yolunuzu açık etsin gözaltına alma sedat peker sürtük
237,336,"Bugün Teknik Direktörümüz Jorge Jesus’un doğum günü. Kendisine sevdikleriyle birlikte sağlıklı, mutlu ve bol başarılı yıllar diliyoruz",Erdinç,2022-08-01 10:24:00.691728,Nötr,bugün teknik direktörümüz jorge jesus’un doğum günü kendisine sevdikleriyle birlikte sağlıklı mutlu ve bol başarılı yıllar diliyoruz
238,350,Almanya Köln havalimanı anlık. Personel eksikliği devam ediyor. Türkiye’den nitelikli işçi alımı yeterince talep olmayınca hayal oldu.,Erdinç,2022-08-01 10:24:00.691728,Nötr,almanya köln havalimanı anlık personel eksikliği devam ediyor türkiye’den nitelikli işçi alımı yeterince talep olmayınca hayal oldu
239,353,"Hasta, engelli ya da maddi imkanı olsa da, tek başına yemek yapamayacak durumda olan ihtiyaç sahibi hemşehrilerimizin sıcak yemek ihtiyaçlarını ulaştırıyoruz. Çevrenizde bildiğiniz, tanıdığınız bu durumda komşunuz varsa 4440875 nolu hattımızdan bize iletmenizi rica ediyorum.",Erdinç,2022-08-01 10:24:00.691728,Nötr,hasta engelli ya da maddi imkanı olsa da tek başına yemek yapamayacak durumda olan ihtiyaç sahibi hemşehrilerimizin sıcak yemek ihtiyaçlarını ulaştırıyoruz çevrenizde bildiğiniz tanıdığınız bu durumda komşunuz varsa  nolu hattımızdan bize iletmenizi rica ediyorum
240,380,sür şoför gidelim bu bitli mahalleden diyorum sıralamam diyor nau nau bırak da gideyim diyorum nau nau diyo #yks2022tayfa #yks22,Erdinç,2022-08-01 10:24:00.691728,Nötr,sür şoför gidelim bu bitli mahalleden diyorum sıralamam diyor nau nau bırak da gideyim diyorum nau nau diyo
241,439,hasiktir,seymasa,2022-08-01 10:24:00.691728,Kızdırma,hasiktir
242,446,"""Hala bana karşı direniyor musun?"" dedim. ""Hala senin için direniyorum."" diye düzeltti. #rapsodi",Erdinç,2022-08-01 10:24:00.691728,Nötr,hala bana karşı direniyor musun dedim hala senin için direniyorum diye düzeltti
243,456,Her baktığımda yüzümde gülücükler açtırıyor #AkınAkınözü,seymasa,2022-08-01 10:24:00.691728,Nötr,her baktığımda yüzümde gülücükler açtırıyor
244,210,gerçekten üzücü olan şey bu tweeti okuyan kimsenin sana inanmayacak olması senin kadar yancı ve ortamcı olan bir kişi daha yok rpde ben sokak ağzıyla konuşuyosam bile insan bir görmezden gelir iki görmezden gelir üçüncüde patlar ya sende o da yok yazık aq,Erdinç,2022-08-01 10:24:00.693911,Kızdırma,gerçekten üzücü olan şey bu tweeti okuyan kimsenin sana inanmayacak olması senin kadar yancı ve ortamcı olan bir kişi daha yok rpde ben sokak ağzıyla konuşuyosam bile insan bir görmezden gelir iki görmezden gelir üçüncüde patlar ya sende o da yok yazık aq
245,252,Bizi bizden dinleyin dedikçe dinlemeyen Seçim kaybetsekte EYTLİLERE kapıları kapattık DİYENLERE DİYORUZKİ Z kuşağı gençlik bizim çocuklarımız onlar Bye Bye ERDOĞAN! Diyorsa doğrudur EMEKLİLER EYTLİLER DİYORUZ ki #FormülsüzŞartsızEYT Yoksa Bye Bye ERDOĞAN,Erdinç,2022-08-01 10:24:00.693911,Siyasi Zorbalık,bizi bizden dinleyin dedikçe dinlemeyen seçim kaybetsekte eytli̇lere kapıları kapattık di̇yenlere di̇yoruzki̇ z kuşağı gençlik bizim çocuklarımız onlar bye bye erdoğan diyorsa doğrudur emekli̇ler eytli̇ler di̇yoruz ki yoksa bye bye erdoğan
246,303,Tatlı bir kedicik gördüm. Asaletli pisi. Hayırlı akşamlar,Erdinç,2022-08-01 10:24:00.693911,Nötr,tatlı bir kedicik gördüm asaletli pisi hayırlı akşamlar
247,316,411- Hoplaya zıplaya yürüyen lüzumsuz derecede mutlu köpek,Erdinç,2022-08-01 10:24:00.693911,Nötr, hoplaya zıplaya yürüyen lüzumsuz derecede mutlu köpek
248,343,Genel Başkanımız’ın takdimcisi BİLAL ASLAN 24 Temmuz 2022 itibari ile Özel Kalem Müdürlüğü bünyesinde İl Programları ve Protokol Koordinatörü olarak görev yapacaktır. Kendisine yeni görevinde başarılar diliyoruz. Cenab-ı Allah utandırmasın. *Özel Kalem Müdürlüğü*,Erdinç,2022-08-01 10:24:00.693911,Nötr,genel başkanımız’ın takdimcisi bi̇lal aslan  temmuz  itibari ile özel kalem müdürlüğü bünyesinde i̇l programları ve protokol koordinatörü olarak görev yapacaktır kendisine yeni görevinde başarılar diliyoruz cenabı allah utandırmasın özel kalem müdürlüğü
249,363,"#DuyBeni “ben babamdan değil, senden nefret ediyorum!”",seymasa,2022-08-01 10:24:00.693911,Kızdırma,“ben babamdan değil senden nefret ediyorum”
250,372,Toptap çok nadir sevdiğim thai oyuncularından aşırı samimi ve sevecen geliyor bu video çok iyi geldi bana iki dünya tatlısı adam,Erdinç,2022-08-01 10:24:00.693911,Nötr,toptap çok nadir sevdiğim thai oyuncularından aşırı samimi ve sevecen geliyor bu video çok iyi geldi bana iki dünya tatlısı adam
251,387,sesimin titremesinden nefret ediyorum,Erdinç,2022-08-01 10:24:00.693911,Nötr,sesimin titremesinden nefret ediyorum
252,444,Günaydın Türkiye Günaydın Güneş kadınları #azkaldı @meral_aksener,Erdinç,2022-08-01 10:24:00.693911,Nötr,günaydın türkiye günaydın güneş kadınları
253,468,"bakma öyle hödük, zaten sürekli gülümseye gülümseye dolanıyosun çocuğun etrafında ne bok istediğin belli bile değil, ayş canımı sıkıyorsun, sana kılan olan tek insan benim sanırım",Erdinç,2022-08-01 10:24:00.693911,Kızdırma,bakma öyle hödük zaten sürekli gülümseye gülümseye dolanıyosun çocuğun etrafında ne bok istediğin belli bile değil ayş canımı sıkıyorsun sana kılan olan tek insan benim sanırım
254,2981,"O kadar iğrençsin ki olduğun konumdan bile şüphe duyuyorsun, kendini iyiye asla yakıştırmıyorsun çünkü iyi bir insan olmadığını herkes gibi sende biliyorsun.",seymasa,2022-08-01 10:24:00.693911,Kızdırma,o kadar iğrençsin ki olduğun konumdan bile şüphe duyuyorsun kendini iyiye asla yakıştırmıyorsun çünkü iyi bir insan olmadığını herkes gibi sende biliyorsun
255,206,"#15Temmuz :Sayın Cumhurbaşkanımızın, yürütme ile ilgili yetkisi olan başkomutanlığını üstün başarılı bir şekilde kullanması, sivil halkın,polislerimizin, şehit Ömer Halis gibi askerlerin verdiği destek ile ÖZGÜRLÜĞÜMÜZÜ koruduğumuz gündür. #15TemmuzDestanı",Erdinç,2022-08-01 10:24:00.695447,Nötr,sayın cumhurbaşkanımızın yürütme ile ilgili yetkisi olan başkomutanlığını üstün başarılı bir şekilde kullanması sivil halkınpolislerimizin şehit ömer halis gibi askerlerin verdiği destek ile özgürlüğümüzü koruduğumuz gündür
256,219,Nelsson alıyor topu daha boşa çıkmayı akıl edecek bir oyuncu olmadığı için bütün topları dikiyor ve ona rağmen toplar gomiside buluyor. Omara bakıyorum kör olduğu için nerde olduğunu bilmiyor berkanı zaten hiç saymıyorum aq beyinsiz pısırık o evladı,Erdinç,2022-08-01 10:24:00.695447,Kızdırma,nelsson alıyor topu daha boşa çıkmayı akıl edecek bir oyuncu olmadığı için bütün topları dikiyor ve ona rağmen toplar gomiside buluyor omara bakıyorum kör olduğu için nerde olduğunu bilmiyor berkanı zaten hiç saymıyorum aq beyinsiz pısırık o evladı
257,246,"dinci dingillere soruları ver, gençlerin hakkını yiyerek askeriyenin her birimine sok, heriflerin yapılanmasına izin ver, adamlar darbeye kalkışsın, meclisi bombalasın, halka mermi sıksın.. sen de her sene bunu zafer diye kutla. Akıl tutulması, başka bişi değil.",Erdinç,2022-08-01 10:24:00.695447,Siyasi Zorbalık,dinci dingillere soruları ver gençlerin hakkını yiyerek askeriyenin her birimine sok heriflerin yapılanmasına izin ver adamlar darbeye kalkışsın meclisi bombalasın halka mermi sıksın sen de her sene bunu zafer diye kutla akıl tutulması başka bişi değil
258,263,Ankapark görüntülerini izledim! Senin yatacak yerin yok İ.Melih. Ankara halkının 801 milyon dolarını gömdüğün o ucube için bile şu an tek kişilik bir hücrede ömür boyu hapis yatıyor olman gerekiyor. Neylersin ki devir seni kollayan talancıların devri. Gün olur devran döner.,Erdinç,2022-08-01 10:24:00.695447,Siyasi Zorbalık,ankapark görüntülerini izledim senin yatacak yerin yok i̇melih ankara halkının  milyon dolarını gömdüğün o ucube için bile şu an tek kişilik bir hücrede ömür boyu hapis yatıyor olman gerekiyor neylersin ki devir seni kollayan talancıların devri gün olur devran döner
259,269,"Kaslı erkek fotoğrafı atıp ""bunlar erkekse siz nesiniz"" diyen kızlar için""squad değil vukuat yapanla olur""diyen kızları da üzmüşsünüzdür siz",Erdinç,2022-08-01 10:24:00.695447,Cinsiyetçilik,kaslı erkek fotoğrafı atıp bunlar erkekse siz nesiniz diyen kızlar içinsquad değil vukuat yapanla olurdiyen kızları da üzmüşsünüzdür siz
260,292,"Birce Akalay : “Bıktım artık. Emeğimizin değeri, paramız iyiden iyiye pul oldu. İşçimiz, halkımız sefil oldu. Fakat birileri ülkeyi yemeye ve doyumsuzca satmaya devam ediyor. Yargılanacağınız günleri görebilmek ümidiyle. Ki göreceğiz.” Helal olsun sana KADIN",Erdinç,2022-08-01 10:24:00.695447,Nötr,birce akalay  “bıktım artık emeğimizin değeri paramız iyiden iyiye pul oldu i̇şçimiz halkımız sefil oldu fakat birileri ülkeyi yemeye ve doyumsuzca satmaya devam ediyor yargılanacağınız günleri görebilmek ümidiyle ki göreceğiz” helal olsun sana kadin
261,298,"“Bay Kemal olmak için önce ahlâklı olacaksın, Kul hakkı yemeyeceksin, Adaletli olacaksın, Emperyal güçlerin karşısında diz çökmeyeceksin” Bay Kemal olmak için bütün hayatımı verdim, Sen kim Bay Kemal olmak kim!!” #GeliyorGelmekteOlan Balıkesir",Erdinç,2022-08-01 10:24:00.695447,Siyasi Zorbalık,“bay kemal olmak için önce ahlâklı olacaksın kul hakkı yemeyeceksin adaletli olacaksın emperyal güçlerin karşısında diz çökmeyeceksin” bay kemal olmak için bütün hayatımı verdim sen kim bay kemal olmak kim” balıkesir
262,306,siteye üstü cıplak foto atan bir erkek... beyni olma ihtimali 0 oldugu gibi bu tipler icin ölen biten bir kızın da beyni olma ihtimali 0dır yani iki beyin özürlü gayet iyi bir cift olabilirler,Erdinç,2022-08-01 10:24:00.695447,Cinsiyetçilik,siteye üstü cıplak foto atan bir erkek beyni olma ihtimali  oldugu gibi bu tipler icin ölen biten bir kızın da beyni olma ihtimali dır yani iki beyin özürlü gayet iyi bir cift olabilirler
263,313,"Değer verdiğim birisinden öyle hemen soğumam. Çabalarım, affederim, özür dilerim, anlamaya çalışırım. Ama eğer soğursam bir daha ne yaparsa yapsın ısınamam. Sabrımın tükendiği an her şey tükenir bende.",Erdinç,2022-08-01 10:24:00.695447,Nötr,değer verdiğim birisinden öyle hemen soğumam çabalarım affederim özür dilerim anlamaya çalışırım ama eğer soğursam bir daha ne yaparsa yapsın ısınamam sabrımın tükendiği an her şey tükenir bende
264,322,Çevremizdekilerin Corona olması geçmiş olsun çok dikkat edin bela birşey buyuklerinizi koruyun lütfen,Erdinç,2022-08-01 10:24:00.695447,Nötr,çevremizdekilerin corona olması geçmiş olsun çok dikkat edin bela birşey buyuklerinizi koruyun lütfen
265,323,"barzo; PKK orda bulunmasa bizim sahibimiz erdogan orayi bombalamaz!!!. PKK Almanyada, Amerikada, Japonyada bulunuyor orayi neden bombalamiyor?... kûçika tirkên faşîst",Erdinç,2022-08-01 10:24:00.695447,Siyasi Zorbalık,barzo pkk orda bulunmasa bizim sahibimiz erdogan orayi bombalamaz pkk almanyada amerikada japonyada bulunuyor orayi neden bombalamiyor kûçika tirkên faşîst
266,340,çok kötü bi habere denk geldim inanılmaz derecede huzursuzum,Erdinç,2022-08-01 10:24:00.695447,Nötr,çok kötü bi habere denk geldim inanılmaz derecede huzursuzum
267,379,genelin aksine gomis kalsın istiyorum. söylendiği kadar kötü olduğunu da düşünmüyorum. bence takıma liderlik edecek adam açığını kapatıyor. yedek kalsa da fark etmez.,Erdinç,2022-08-01 10:24:00.695447,Nötr,genelin aksine gomis kalsın istiyorum söylendiği kadar kötü olduğunu da düşünmüyorum bence takıma liderlik edecek adam açığını kapatıyor yedek kalsa da fark etmez
268,381,"Bu"" hanım kızımız"" ifadesinden rahatsız olan badem bıyıklı cahilin lakabı hanım kız mı acaba.",Erdinç,2022-08-01 10:24:00.695447,Siyasi Zorbalık,bu hanım kızımız ifadesinden rahatsız olan badem bıyıklı cahilin lakabı hanım kız mı acaba
269,384,burda sıfır beden olanlara laf söyledim sıfır beden olan biri zaten sonrasında kilolu olma ihtimali çok düşük ayrıca sıfır beden olmayan biride şişko obez vs olmuyor tuvalet pompası suratlı,Erdinç,2022-08-01 10:24:00.695447,Kızdırma,burda sıfır beden olanlara laf söyledim sıfır beden olan biri zaten sonrasında kilolu olma ihtimali çok düşük ayrıca sıfır beden olmayan biride şişko obez vs olmuyor tuvalet pompası suratlı
270,395,O kafadan sakat onu boşver,Erdinç,2022-08-01 10:24:00.695447,Kızdırma,o kafadan sakat onu boşver
271,397,Kızılay Hatay Şubesi olarak ihtiyaç sahibi bir ailemizin evinde haşerelere karşı ilaçlama yapılarak gerekli temizlik yapıldı. Ailemize giyim ve gıda yardımında da bulunuldu.Evin ihtiyacı olan boya ve badana çalışması yapılarak ailemize destek olduk.,Erdinç,2022-08-01 10:24:00.695447,Nötr,kızılay hatay şubesi olarak ihtiyaç sahibi bir ailemizin evinde haşerelere karşı ilaçlama yapılarak gerekli temizlik yapıldı ailemize giyim ve gıda yardımında da bulunulduevin ihtiyacı olan boya ve badana çalışması yapılarak ailemize destek olduk
272,404,Aferin #egzey,seymasa,2022-08-01 10:24:00.695447,Nötr,aferin
273,419,"YKS sonuçları AK Parti için niteliksiz bir nesil yetiştirdiklerinin ikrarıdır. Dile kolay, 20 yılda 17 değişiklik ve 8 bakan...",Erdinç,2022-08-01 10:24:00.695447,Siyasi Zorbalık,yks sonuçları ak parti için niteliksiz bir nesil yetiştirdiklerinin ikrarıdır dile kolay  yılda  değişiklik ve  bakan
274,453,bok bile senden daha kıymetli booook,seymasa,2022-08-01 10:24:00.695447,Kızdırma,bok bile senden daha kıymetli booook
275,573,İşte sanat be,Erdinç,2022-08-01 10:24:00.695447,Nötr,i̇şte sanat be
276,230,Yeni instagram arayüzünü hangi beyinsiz yaptı acaba… Videoların sesini kapatamıyorsun. Eğer telefondan müzik dinliyorsan müziği kesiyor. Engellemek mümkün değil. Delirdiniz tiktok’a benzemek için. Tiktok kullanmak istesek gider onu kullanırız. Büyük saçmalık.,Erdinç,2022-08-01 10:24:00.696067,Kızdırma,yeni instagram arayüzünü hangi beyinsiz yaptı acaba… videoların sesini kapatamıyorsun eğer telefondan müzik dinliyorsan müziği kesiyor engellemek mümkün değil delirdiniz tiktok’a benzemek için tiktok kullanmak istesek gider onu kullanırız büyük saçmalık
277,289,""" Günde 3 film, haftada 3 kitap ve güzel müzik albümleri beni ölene kadar mutlu etmeye yetebilir. "" der ya François Truffaut, işte öyle...",Erdinç,2022-08-01 10:24:00.696067,Nötr, günde  film haftada  kitap ve güzel müzik albümleri beni ölene kadar mutlu etmeye yetebilir  der ya françois truffaut işte öyle
278,338,Ayse sal bizi git kilo ver yağlarından kurtul her zaman yaver çıkarcı satıcı yüzsüz biri olarak hatirlancaksin yani anlıyom seni survivor bitti senin hikaye bitti ve heryerde batuhan diyip gündem olmak istiyon Zamanında şu kıza hadsiz diyip milyonlarin sesi oldun @bkaracakayaaa,Erdinç,2022-08-01 10:24:00.696067,Kızdırma,ayse sal bizi git kilo ver yağlarından kurtul her zaman yaver çıkarcı satıcı yüzsüz biri olarak hatirlancaksin yani anlıyom seni survivor bitti senin hikaye bitti ve heryerde batuhan diyip gündem olmak istiyon zamanında şu kıza hadsiz diyip milyonlarin sesi oldun
279,339,"#İhsanYüce '91 yılında çok sevdiği Salacak’taki evinde senaryo çalışmalarını sürdürürken geçirdiği kalp krizi sonucunda vefat etti. Yazlık sinemada film izleyen kuşağın yakından tanıdığı şimdiki kuşağın ise “Sarı bıyıklı kız babası"" Türkiye sinemasının kalbine gömüldü Saygıyla",Erdinç,2022-08-01 10:24:00.696067,Nötr, yılında çok sevdiği salacak’taki evinde senaryo çalışmalarını sürdürürken geçirdiği kalp krizi sonucunda vefat etti yazlık sinemada film izleyen kuşağın yakından tanıdığı şimdiki kuşağın ise “sarı bıyıklı kız babası türkiye sinemasının kalbine gömüldü saygıyla
280,344,Sıcaktan uyuyamamak ne illet bir şeysin sen ya,Erdinç,2022-08-01 10:24:00.696067,Nötr,sıcaktan uyuyamamak ne illet bir şeysin sen ya
281,348,helal olsun bee 3 senedir azimle selam yazan errrrrkek,Erdinç,2022-08-01 10:24:00.696067,Nötr,helal olsun bee  senedir azimle selam yazan errrrrkek
282,362,"‘ iyileşmek için kendimizden çok fazla şey veriyoruz ve otuzumuzda iflas ediyoruz. her yeni birisine verecek daha az şeyimiz oluyor. ama hiçbir şey hissetmemek için kendimizi hissiz yapıyoruz. ne israf ama! hayatını nasıl yaşadığın seni ilgilendirir. ama şunu hatırla, kalbimiz ve",Erdinç,2022-08-01 10:24:00.696067,Nötr,‘ iyileşmek için kendimizden çok fazla şey veriyoruz ve otuzumuzda iflas ediyoruz her yeni birisine verecek daha az şeyimiz oluyor ama hiçbir şey hissetmemek için kendimizi hissiz yapıyoruz ne israf ama hayatını nasıl yaşadığın seni ilgilendirir ama şunu hatırla kalbimiz ve
283,364,"Malazgirt Jandarma Komutanı Binbaşı Arslan Kulaksız'ın şehit edildiği 2015'teki saldırının faili PKK'lı Savaş Çelik, MİT’in yurt dışı operasyonuyla yakalanarak Türkiye’ye getirildi.",Erdinç,2022-08-01 10:24:00.696067,Nötr,malazgirt jandarma komutanı binbaşı arslan kulaksızın şehit edildiği teki saldırının faili pkklı savaş çelik mi̇t’in yurt dışı operasyonuyla yakalanarak türkiye’ye getirildi
284,366,"Hala rooibos çayı ile tanışmayanlar varsa, lütfen tanışın. Aşşşşırı güzel olmasının yanında inanılmaz çok da faydası var. Kolik bebeklerde bile kullanılıyor ki kolik dünyanın en illet şeyidir jdkdkdkd :/",Erdinç,2022-08-01 10:24:00.696067,Nötr,hala rooibos çayı ile tanışmayanlar varsa lütfen tanışın aşşşşırı güzel olmasının yanında inanılmaz çok da faydası var kolik bebeklerde bile kullanılıyor ki kolik dünyanın en illet şeyidir jdkdkdkd 
285,370,Ben de sizlere teşekkür ederim :),Erdinç,2022-08-01 10:24:00.696067,Nötr,ben de sizlere teşekkür ederim 
286,371,Sevgilim bilegime duz ip baglasa bileklik diye yine mutlu olurum,seymasa,2022-08-01 10:24:00.696067,Nötr,sevgilim bilegime duz ip baglasa bileklik diye yine mutlu olurum
287,373,soğudum ve uzaklaştım genel olarak,seymasa,2022-08-01 10:24:00.696067,Nötr,soğudum ve uzaklaştım genel olarak
288,377,Kesin öyledir 750 milyon dolar israfı savunacak kadar bi insan alçalmamalı,Erdinç,2022-08-01 10:24:00.696067,Siyasi Zorbalık,kesin öyledir  milyon dolar israfı savunacak kadar bi insan alçalmamalı
289,409,Kumarda kazanan aşkta kaybedermiş,Erdinç,2022-08-01 10:24:00.696067,Nötr,kumarda kazanan aşkta kaybedermiş
290,2984,Bazı kızlar çok güzeller djdjdjjd bunlar kızsa biz neyiz diyorum bazen sonra dönüp tekrar tekrar bakıyorum,seymasa,2022-08-01 10:24:00.696067,Nötr,bazı kızlar çok güzeller djdjdjjd bunlar kızsa biz neyiz diyorum bazen sonra dönüp tekrar tekrar bakıyorum
291,391,Ben her türlü mutlu olurum sen merak etme.,seymasa,2022-08-01 13:39:18.130562,Nötr,ben her türlü mutlu olurum sen merak etme
292,394,Zaten sana cekmis ikiniz de meymenetsiz yarrak tohumlarisiniz,seymasa,2022-08-01 13:39:18.131695,Kızdırma,zaten sana cekmis ikiniz de meymenetsiz yarrak tohumlarisiniz
293,443,En çok ölmesini istediklerimden biri bu pislik surat !!!,seymasa,2022-08-01 13:39:18.131695,Kızdırma,en çok ölmesini istediklerimden biri bu pislik surat 
294,385,İddia ediyorum ; 70 de liselilerin aldığı eğitim' AKP döneminin profesörlerinden daha nitelikli idi..,seymasa,2022-08-01 13:39:18.135876,Siyasi Zorbalık,i̇ddia ediyorum   de liselilerin aldığı eğitim akp döneminin profesörlerinden daha nitelikli idi
295,398,"Göbeğine kadar gömleğini açıp gezen erkek adam olmaz, götünün çatalını gösteren muslukçu bile senden kıymetli bunu bil...!",seymasa,2022-08-01 13:39:18.135876,Cinsiyetçilik,göbeğine kadar gömleğini açıp gezen erkek adam olmaz götünün çatalını gösteren muslukçu bile senden kıymetli bunu bil
296,406,guluyorum sadece flortlesmiyorum at kafasi,seymasa,2022-08-01 13:39:18.135876,Akran Zorbalığı,guluyorum sadece flortlesmiyorum at kafasi
297,431,bi’ tek ben anlarım,seymasa,2022-08-01 13:39:18.135876,Nötr,bi’ tek ben anlarım
298,467,"Kalbini 'temiz' tut ki, kalbi 'temiz' olanı hak edesin..",seymasa,2022-08-01 13:39:18.135876,Nötr,kalbini temiz tut ki kalbi temiz olanı hak edesin
299,1456,İnsanları cinsiyet ayırt etmeksizin görünüşü ile ilgili yorum yapmayacağım diyorum sonra bi tane dangalak geliyo güzelim kıza laf ediyo dengelerim şaşıyo amk Bİ KENDİ TİPİNE BAK ÖNCE HÖDÜK BUZ DEVRİ SİD YANINDA YAKIŞIKLI KALIYO,seymasa,2022-08-01 13:39:18.135876,Kızdırma,i̇nsanları cinsiyet ayırt etmeksizin görünüşü ile ilgili yorum yapmayacağım diyorum sonra bi tane dangalak geliyo güzelim kıza laf ediyo dengelerim şaşıyo amk bi̇ kendi̇ ti̇pi̇ne bak önce hödük buz devri̇ si̇d yaninda yakişikli kaliyo
300,414,Bursa'da çöp ev olduğu gerekçesiyle boşaltılmak istenen evde 1 yıldır kilitli tutulan 9 yaşında bir çocuk bulundu…,seymasa,2022-08-01 13:39:18.141832,Nötr,bursada çöp ev olduğu gerekçesiyle boşaltılmak istenen evde  yıldır kilitli tutulan  yaşında bir çocuk bulundu…
301,436,Aferin #EmirhanDelibaş,seymasa,2022-08-01 13:39:18.141832,Nötr,aferin
